,teamID,yearID,medianERA,pitcherAverageAge
0,ALT,1884,5.0,24.8
1,ANA,1997,4.0,29.38095238095238
2,ANA,1998,4.0,30.36842105263158
3,ANA,1999,4.0,30.6
4,ANA,2000,5.0,29.12
5,ANA,2001,4.0,28.944444444444443
6,ANA,2002,3.0,30.22222222222222
7,ANA,2003,4.0,29.263157894736842
8,ANA,2004,4.0,29.0
9,ARI,1998,5.0,27.4
10,ARI,1999,3.5,29.55
11,ARI,2000,4.0,31.333333333333332
12,ARI,2001,4.0,30.818181818181817
13,ARI,2002,4.0,32.05
14,ARI,2003,4.0,28.863636363636363
15,ARI,2004,5.0,29.32
16,ARI,2005,5.0,28.44
17,ARI,2006,4.0,29.8
18,ARI,2007,4.0,28.846153846153847
19,ARI,2008,4.0,28.4
20,ARI,2009,4.0,28.5
21,ARI,2010,5.0,28.714285714285715
22,ARI,2011,4.0,27.96
23,ARI,2012,4.0,28.17391304347826
24,ARI,2013,4.0,27.652173913043477
25,ARI,2014,4.0,28.36
26,ARI,2015,4.0,26.88888888888889
27,ARI,2016,5.0,27.103448275862068
28,ARI,2017,4.0,28.608695652173914
29,ARI,2018,3.5,29.8
30,ARI,2019,4.0,28.814814814814813
31,ARI,2020,4.0,28.153846153846153
32,ARI,2021,6.0,29.29268292682927
33,ATL,1966,3.0,27.38095238095238
34,ATL,1967,3.0,27.72222222222222
35,ATL,1968,3.0,27.529411764705884
36,ATL,1969,3.0,28.11111111111111
37,ATL,1970,4.0,30.352941176470587
38,ATL,1971,3.0,29.785714285714285
39,ATL,1972,4.0,28.235294117647058
40,ATL,1973,4.0,27.857142857142858
41,ATL,1974,3.0,28.266666666666666
42,ATL,1975,4.0,28.0
43,ATL,1976,4.0,27.61111111111111
44,ATL,1977,5.0,27.727272727272727
45,ATL,1978,4.0,27.833333333333332
46,ATL,1979,4.0,27.529411764705884
47,ATL,1980,3.0,29.454545454545453
48,ATL,1981,3.0,30.125
49,ATL,1982,4.0,28.352941176470587
50,ATL,1983,3.0,28.529411764705884
51,ATL,1984,3.0,28.2
52,ATL,1985,4.0,29.428571428571427
53,ATL,1986,3.5,29.1875
54,ATL,1987,4.0,29.45
55,ATL,1988,4.0,28.526315789473685
56,ATL,1989,3.0,26.565217391304348
57,ATL,1990,4.0,26.52173913043478
58,ATL,1991,3.0,29.1
59,ATL,1992,3.0,28.36842105263158
60,ATL,1993,3.0,27.76923076923077
61,ATL,1994,4.0,28.153846153846153
62,ATL,1995,4.0,27.8
63,ATL,1996,3.0,27.5
64,ATL,1997,3.0,27.529411764705884
65,ATL,1998,3.0,28.526315789473685
66,ATL,1999,4.0,28.09090909090909
67,ATL,2000,4.0,29.681818181818183
68,ATL,2001,3.0,29.91304347826087
69,ATL,2002,3.0,29.25
70,ATL,2003,3.0,30.823529411764707
71,ATL,2004,3.0,29.476190476190474
72,ATL,2005,3.5,28.346153846153847
73,ATL,2006,4.0,29.153846153846153
74,ATL,2007,3.5,28.642857142857142
75,ATL,2008,3.0,29.785714285714285
76,ATL,2009,3.0,28.761904761904763
77,ATL,2010,3.0,29.095238095238095
78,ATL,2011,3.0,27.666666666666668
79,ATL,2012,3.0,28.857142857142858
80,ATL,2013,3.0,28.80952380952381
81,ATL,2014,2.0,27.35
82,ATL,2015,5.0,28.513513513513512
83,ATL,2016,4.0,27.4
84,ATL,2017,4.0,28.53846153846154
85,ATL,2018,4.0,27.34285714285714
86,ATL,2019,4.0,28.548387096774192
87,ATL,2020,4.0,29.20689655172414
88,ATL,2021,3.5,29.366666666666667
89,BAL,1954,4.0,29.6875
90,BAL,1955,4.0,30.608695652173914
91,BAL,1956,4.0,28.217391304347824
92,BAL,1957,3.0,29.176470588235293
93,BAL,1958,3.0,28.285714285714285
94,BAL,1959,3.0,28.933333333333334
95,BAL,1960,3.0,27.5
96,BAL,1961,3.0,27.846153846153847
97,BAL,1962,3.0,27.176470588235293
98,BAL,1963,3.0,27.823529411764707
99,BAL,1964,2.5,28.9375
100,BAL,1965,3.0,28.5
101,BAL,1966,3.0,26.866666666666667
102,BAL,1967,3.0,26.142857142857142
103,BAL,1968,2.0,26.333333333333332
104,BAL,1969,2.0,27.571428571428573
105,BAL,1970,3.0,30.0
106,BAL,1971,3.0,30.846153846153847
107,BAL,1972,2.0,28.363636363636363
108,BAL,1973,3.0,28.666666666666668
109,BAL,1974,3.0,27.727272727272727
110,BAL,1975,3.0,28.076923076923077
111,BAL,1976,3.0,28.066666666666666
112,BAL,1977,4.0,27.625
113,BAL,1978,3.0,27.533333333333335
114,BAL,1979,2.5,27.0
115,BAL,1980,3.0,27.666666666666668
116,BAL,1981,3.5,29.166666666666668
117,BAL,1982,4.0,28.846153846153847
118,BAL,1983,3.0,28.857142857142858
119,BAL,1984,3.0,29.533333333333335
120,BAL,1985,4.0,28.533333333333335
121,BAL,1986,4.0,29.294117647058822
122,BAL,1987,4.0,28.72222222222222
123,BAL,1988,4.0,27.666666666666668
124,BAL,1989,4.0,27.470588235294116
125,BAL,1990,4.0,28.047619047619047
126,BAL,1991,4.0,27.85
127,BAL,1992,3.0,29.125
128,BAL,1993,3.5,28.0
129,BAL,1994,4.0,28.8
130,BAL,1995,4.0,29.0
131,BAL,1996,4.0,27.956521739130434
132,BAL,1997,4.0,29.235294117647058
133,BAL,1998,5.0,30.363636363636363
134,BAL,1999,4.0,29.952380952380953
135,BAL,2000,5.5,29.0
136,BAL,2001,4.0,27.772727272727273
137,BAL,2002,4.0,27.9
138,BAL,2003,4.0,28.95
139,BAL,2004,4.0,28.09090909090909
140,BAL,2005,4.0,29.476190476190474
141,BAL,2006,5.0,28.291666666666668
142,BAL,2007,6.0,29.0
143,BAL,2008,5.0,28.153846153846153
144,BAL,2009,5.0,28.22222222222222
145,BAL,2010,4.0,28.26086956521739
146,BAL,2011,5.0,28.555555555555557
147,BAL,2012,3.0,28.307692307692307
148,BAL,2013,4.0,28.153846153846153
149,BAL,2014,3.0,28.5
150,BAL,2015,4.0,27.863636363636363
151,BAL,2016,4.0,28.444444444444443
152,BAL,2017,5.0,28.0
153,BAL,2018,5.0,27.5
154,BAL,2019,6.0,27.894736842105264
155,BAL,2020,4.0,28.666666666666668
156,BAL,2021,6.0,28.642857142857142
157,BFN,1879,2.0,23.5
158,BFN,1880,3.0,23.166666666666668
159,BFN,1881,2.5,25.25
160,BFN,1882,4.0,10.8
161,BFN,1883,3.0,16.77777777777778
162,BFN,1884,4.0,24.571428571428573
163,BFN,1885,4.0,24.571428571428573
164,BFP,1890,6.0,20.75
165,BL1,1872,2.0,24.5
166,BL1,1873,2.0,27.0
167,BL1,1874,3.0,25.0
168,BL2,1882,3.0,25.0
169,BL2,1883,4.5,23.625
170,BL2,1884,2.0,23.8
171,BL2,1885,5.0,24.545454545454547
172,BL2,1886,5.0,20.733333333333334
173,BL2,1887,9.0,24.0
174,BL2,1888,4.0,24.2
175,BL2,1889,3.0,24.2
176,BL3,1890,3.0,23.4
177,BL3,1891,3.5,25.166666666666668
178,BL4,1873,8.0,-1.25
179,BLA,1901,3.0,28.666666666666668
180,BLA,1902,4.0,26.928571428571427
181,BLF,1914,3.0,28.3
182,BLF,1915,3.0,28.23076923076923
183,BLN,1892,4.0,26.214285714285715
184,BLN,1893,5.0,26.375
185,BLN,1894,4.0,27.0
186,BLN,1895,3.0,26.5
187,BLN,1896,3.0,25.77777777777778
188,BLN,1897,3.5,25.5
189,BLN,1898,3.0,26.571428571428573
190,BLN,1899,3.0,26.0
191,BLU,1884,3.0,9.833333333333334
192,BOS,1901,3.0,27.363636363636363
193,BOS,1902,3.5,26.166666666666668
194,BOS,1903,2.5,27.666666666666668
195,BOS,1904,2.0,29.6
196,BOS,1905,2.0,27.77777777777778
197,BOS,1906,3.0,27.916666666666668
198,BOS,1907,2.0,27.928571428571427
199,BOS,1908,2.0,27.5625
200,BOS,1909,2.0,26.473684210526315
201,BOS,1910,3.0,26.307692307692307
202,BOS,1911,3.0,26.75
203,BOS,1912,3.0,25.363636363636363
204,BOS,1913,3.0,25.23076923076923
205,BOS,1914,2.0,24.714285714285715
206,BOS,1915,2.0,24.818181818181817
207,BOS,1916,3.0,25.5
208,BOS,1917,2.0,25.666666666666668
209,BOS,1918,2.0,26.0
210,BOS,1919,3.0,26.153846153846153
211,BOS,1920,3.0,26.181818181818183
212,BOS,1921,4.0,26.636363636363637
213,BOS,1922,4.0,27.7
214,BOS,1923,4.0,28.636363636363637
215,BOS,1924,4.5,26.625
216,BOS,1925,6.0,28.2
217,BOS,1926,4.0,26.875
218,BOS,1927,4.0,25.571428571428573
219,BOS,1928,4.0,24.764705882352942
220,BOS,1929,4.0,25.833333333333332
221,BOS,1930,4.0,27.23076923076923
222,BOS,1931,4.0,27.5
223,BOS,1932,5.0,26.333333333333332
224,BOS,1933,4.0,27.727272727272727
225,BOS,1934,4.0,29.53846153846154
226,BOS,1935,4.5,28.357142857142858
227,BOS,1936,5.0,28.266666666666666
228,BOS,1937,4.0,29.833333333333332
229,BOS,1938,4.0,28.764705882352942
230,BOS,1939,4.0,28.666666666666668
231,BOS,1940,4.0,28.0
232,BOS,1941,4.0,29.133333333333333
233,BOS,1942,3.0,30.4
234,BOS,1943,3.0,30.0
235,BOS,1944,4.0,28.875
236,BOS,1945,4.0,29.666666666666668
237,BOS,1946,3.0,31.0
238,BOS,1947,4.0,29.647058823529413
239,BOS,1948,5.0,28.5
240,BOS,1949,4.0,28.941176470588236
241,BOS,1950,5.5,28.2
242,BOS,1951,4.0,27.714285714285715
243,BOS,1952,3.0,30.105263157894736
244,BOS,1953,3.0,29.666666666666668
245,BOS,1954,4.0,29.2
246,BOS,1955,3.0,27.294117647058822
247,BOS,1956,3.5,28.785714285714285
248,BOS,1957,3.5,27.875
249,BOS,1958,3.0,28.055555555555557
250,BOS,1959,4.0,27.894736842105264
251,BOS,1960,4.0,27.944444444444443
252,BOS,1961,4.0,27.933333333333334
253,BOS,1962,4.0,26.944444444444443
254,BOS,1963,4.0,27.5
255,BOS,1964,4.0,25.846153846153847
256,BOS,1965,3.5,27.333333333333332
257,BOS,1966,3.0,27.857142857142858
258,BOS,1967,3.0,27.38888888888889
259,BOS,1968,3.0,27.9375
260,BOS,1969,4.0,27.31578947368421
261,BOS,1970,3.5,27.25
262,BOS,1971,4.0,27.533333333333335
263,BOS,1972,3.0,28.941176470588236
264,BOS,1973,4.0,28.666666666666668
265,BOS,1974,4.0,29.615384615384617
266,BOS,1975,3.0,28.583333333333332
267,BOS,1976,3.0,29.181818181818183
268,BOS,1977,4.0,29.8
269,BOS,1978,3.0,29.142857142857142
270,BOS,1979,4.0,28.642857142857142
271,BOS,1980,4.0,29.058823529411764
272,BOS,1981,3.0,28.076923076923077
273,BOS,1982,3.0,27.642857142857142
274,BOS,1983,4.0,27.25
275,BOS,1984,3.5,26.642857142857142
276,BOS,1985,4.0,26.647058823529413
277,BOS,1986,4.0,28.25
278,BOS,1987,5.0,27.46153846153846
279,BOS,1988,4.0,28.11764705882353
280,BOS,1989,4.0,30.4
281,BOS,1990,4.0,30.85
282,BOS,1991,4.0,30.526315789473685
283,BOS,1992,4.0,30.5
284,BOS,1993,3.0,29.6875
285,BOS,1994,5.0,30.130434782608695
286,BOS,1995,4.5,28.423076923076923
287,BOS,1996,5.0,28.130434782608695
288,BOS,1997,5.0,27.8
289,BOS,1998,4.0,29.130434782608695
290,BOS,1999,4.0,29.68
291,BOS,2000,4.5,29.708333333333332
292,BOS,2001,4.0,30.17391304347826
293,BOS,2002,4.0,30.833333333333332
294,BOS,2003,5.0,30.26923076923077
295,BOS,2004,4.0,30.96153846153846
296,BOS,2005,4.5,31.192307692307693
297,BOS,2006,4.0,30.428571428571427
298,BOS,2007,3.0,30.8
299,BOS,2008,4.0,29.91304347826087
300,BOS,2009,4.0,29.88888888888889
301,BOS,2010,4.0,29.84
302,BOS,2011,4.0,30.62962962962963
303,BOS,2012,4.0,29.115384615384617
304,BOS,2013,4.0,29.153846153846153
305,BOS,2014,4.0,28.84
306,BOS,2015,4.0,28.923076923076923
307,BOS,2016,3.0,28.88
308,BOS,2017,3.0,29.11111111111111
309,BOS,2018,3.0,29.08695652173913
310,BOS,2019,5.0,29.40740740740741
311,BOS,2020,4.5,29.0
312,BOS,2021,3.0,29.216216216216218
313,BR1,1872,7.5,-6.5
314,BR2,1872,4.0,-71.0
315,BR2,1873,4.5,-21.0
316,BR2,1874,3.0,23.5
317,BR2,1875,4.0,11.875
318,BR3,1884,3.0,9.0
319,BR3,1885,3.5,23.75
320,BR3,1886,3.0,25.833333333333332
321,BR3,1887,4.0,25.833333333333332
322,BR3,1888,2.0,25.0
323,BR3,1889,4.0,26.4
324,BR4,1890,5.0,26.444444444444443
325,BRF,1914,3.0,26.8125
326,BRF,1915,3.0,29.25
327,BRO,1890,2.5,28.0
328,BRO,1891,3.5,26.666666666666668
329,BRO,1892,3.0,26.333333333333332
330,BRO,1893,5.0,28.0
331,BRO,1894,6.5,25.4
332,BRO,1895,5.0,24.75
333,BRO,1896,4.0,28.285714285714285
334,BRO,1897,4.0,27.0
335,BRO,1898,4.0,26.166666666666668
336,BRO,1899,3.0,26.454545454545453
337,BRO,1900,4.0,28.11111111111111
338,BRO,1901,3.0,27.444444444444443
339,BRO,1902,2.0,26.666666666666668
340,BRO,1903,3.0,26.3
341,BRO,1904,2.0,27.25
342,BRO,1905,3.0,26.75
343,BRO,1906,3.0,26.77777777777778
344,BRO,1907,2.0,27.75
345,BRO,1908,2.5,26.875
346,BRO,1909,3.0,26.818181818181817
347,BRO,1910,4.0,27.545454545454547
348,BRO,1911,3.0,27.153846153846153
349,BRO,1912,3.0,26.5
350,BRO,1913,2.0,27.307692307692307
351,BRO,1914,3.0,27.727272727272727
352,BRO,1915,2.0,27.4
353,BRO,1916,2.0,28.0
354,BRO,1917,2.0,28.0
355,BRO,1918,2.0,26.88235294117647
356,BRO,1919,2.0,28.0
357,BRO,1920,2.0,28.77777777777778
358,BRO,1921,4.0,28.833333333333332
359,BRO,1922,3.5,28.5
360,BRO,1923,3.0,28.083333333333332
361,BRO,1924,5.0,28.6
362,BRO,1925,4.5,29.375
363,BRO,1926,4.0,30.727272727272727
364,BRO,1927,3.0,30.916666666666668
365,BRO,1928,3.0,31.666666666666668
366,BRO,1929,5.0,29.352941176470587
367,BRO,1930,4.0,30.307692307692307
368,BRO,1931,3.0,31.357142857142858
369,BRO,1932,4.0,31.53846153846154
370,BRO,1933,3.0,29.818181818181817
371,BRO,1934,5.0,28.642857142857142
372,BRO,1935,4.0,28.25
373,BRO,1936,4.0,29.166666666666668
374,BRO,1937,4.0,30.058823529411764
375,BRO,1938,4.0,29.9375
376,BRO,1939,3.0,30.142857142857142
377,BRO,1940,3.0,30.38888888888889
378,BRO,1941,3.0,31.61111111111111
379,BRO,1942,3.0,30.733333333333334
380,BRO,1943,3.0,29.555555555555557
381,BRO,1944,4.5,27.666666666666668
382,BRO,1945,3.0,29.733333333333334
383,BRO,1946,3.0,28.166666666666668
384,BRO,1947,5.0,26.65
385,BRO,1948,4.0,26.333333333333332
386,BRO,1949,4.0,26.153846153846153
387,BRO,1950,4.0,26.63157894736842
388,BRO,1951,4.0,27.571428571428573
389,BRO,1952,4.0,27.058823529411764
390,BRO,1953,4.0,27.5
391,BRO,1954,4.0,28.5
392,BRO,1955,3.0,26.6
393,BRO,1956,3.0,27.6
394,BRO,1957,3.0,27.823529411764707
395,BRP,1890,3.0,24.2
396,BS1,1871,4.5,28.5
397,BS1,1872,1.5,29.5
398,BS1,1873,3.0,30.5
399,BS1,1874,1.5,31.5
400,BS1,1875,4.0,24.4
401,BS2,1891,2.5,24.875
402,BSN,1876,2.0,25.0
403,BSN,1877,2.5,22.0
404,BSN,1878,8.0,23.5
405,BSN,1879,2.0,22.75
406,BSN,1880,2.5,24.0
407,BSN,1881,3.0,25.4
408,BSN,1882,2.0,26.0
409,BSN,1883,2.0,25.333333333333332
410,BSN,1884,3.0,25.6
411,BSN,1885,2.0,24.75
412,BSN,1886,3.0,26.4
413,BSN,1887,4.0,25.2
414,BSN,1888,2.0,25.6
415,BSN,1889,3.5,25.833333333333332
416,BSN,1890,3.5,23.333333333333332
417,BSN,1891,4.5,26.7
418,BSN,1892,2.0,27.285714285714285
419,BSN,1893,5.0,24.714285714285715
420,BSN,1894,5.0,24.666666666666668
421,BSN,1895,4.0,24.666666666666668
422,BSN,1896,4.0,25.875
423,BSN,1897,3.0,26.142857142857142
424,BSN,1898,2.0,26.714285714285715
425,BSN,1899,3.5,26.916666666666668
426,BSN,1900,4.0,26.875
427,BSN,1901,3.0,27.4
428,BSN,1902,2.0,26.6
429,BSN,1903,3.0,28.0
430,BSN,1904,3.5,26.75
431,BSN,1905,4.0,29.6
432,BSN,1906,3.0,26.11111111111111
433,BSN,1907,3.0,26.8
434,BSN,1908,2.0,26.76923076923077
435,BSN,1909,3.0,26.733333333333334
436,BSN,1910,2.5,25.416666666666668
437,BSN,1911,5.0,27.666666666666668
438,BSN,1912,4.0,28.0
439,BSN,1913,3.0,27.153846153846153
440,BSN,1914,3.0,26.833333333333332
441,BSN,1915,2.0,27.076923076923077
442,BSN,1916,2.0,29.11111111111111
443,BSN,1917,2.0,29.818181818181817
444,BSN,1918,2.5,29.071428571428573
445,BSN,1919,3.0,29.0
446,BSN,1920,3.0,27.384615384615383
447,BSN,1921,4.0,26.5
448,BSN,1922,4.0,26.875
449,BSN,1923,4.0,29.416666666666668
450,BSN,1924,5.0,26.866666666666667
451,BSN,1925,5.0,27.4
452,BSN,1926,3.5,27.833333333333332
453,BSN,1927,4.0,30.066666666666666
454,BSN,1928,5.0,28.904761904761905
455,BSN,1929,5.0,28.666666666666668
456,BSN,1930,5.0,29.416666666666668
457,BSN,1931,4.0,29.181818181818183
458,BSN,1932,3.0,31.272727272727273
459,BSN,1933,3.0,31.545454545454547
460,BSN,1934,4.0,32.0
461,BSN,1935,5.0,33.0
462,BSN,1936,4.0,27.55
463,BSN,1937,3.0,31.083333333333332
464,BSN,1938,3.0,28.11764705882353
465,BSN,1939,3.0,28.866666666666667
466,BSN,1940,5.0,26.764705882352942
467,BSN,1941,4.0,26.933333333333334
468,BSN,1942,3.0,25.4
469,BSN,1943,4.0,28.210526315789473
470,BSN,1944,3.5,27.785714285714285
471,BSN,1945,4.0,30.40909090909091
472,BSN,1946,4.0,31.19047619047619
473,BSN,1947,4.0,30.941176470588236
474,BSN,1948,3.0,29.375
475,BSN,1949,3.5,30.166666666666668
476,BSN,1950,4.5,27.875
477,BSN,1951,4.0,28.266666666666666
478,BSN,1952,4.0,27.714285714285715
479,BSP,1890,3.0,26.571428571428573
480,BSU,1884,3.5,13.875
481,BUF,1914,3.0,27.09090909090909
482,BUF,1915,3.0,26.636363636363637
483,CAL,1965,3.0,27.0625
484,CAL,1966,3.0,28.58823529411765
485,CAL,1967,3.0,29.05263157894737
486,CAL,1968,3.0,27.36842105263158
487,CAL,1969,4.0,26.736842105263158
488,CAL,1970,3.0,25.5
489,CAL,1971,2.5,26.857142857142858
490,CAL,1972,2.5,28.125
491,CAL,1973,3.0,27.428571428571427
492,CAL,1974,3.0,28.1
493,CAL,1975,4.0,28.31578947368421
494,CAL,1976,3.0,27.214285714285715
495,CAL,1977,4.0,28.45
496,CAL,1978,3.0,28.153846153846153
497,CAL,1979,4.0,27.533333333333335
498,CAL,1980,4.0,27.823529411764707
499,CAL,1981,3.0,29.8125
500,CAL,1982,3.0,32.470588235294116
501,CAL,1983,4.0,31.125
502,CAL,1984,4.0,31.5
503,CAL,1985,4.0,29.842105263157894
504,CAL,1986,3.0,29.68421052631579
505,CAL,1987,4.0,29.4375
506,CAL,1988,4.0,28.05263157894737
507,CAL,1989,3.0,28.933333333333334
508,CAL,1990,3.0,29.35
509,CAL,1991,4.0,29.176470588235293
510,CAL,1992,3.0,29.4375
511,CAL,1993,4.0,28.458333333333332
512,CAL,1994,5.0,29.61111111111111
513,CAL,1995,4.0,30.55
514,CAL,1996,5.0,29.06896551724138
515,CH1,1871,2.5,26.0
516,CH2,1874,4.0,25.333333333333332
517,CH2,1875,1.0,27.0
518,CHA,1901,3.0,25.3
519,CHA,1902,3.0,28.09090909090909
520,CHA,1903,3.0,27.0
521,CHA,1904,2.0,25.88888888888889
522,CHA,1905,1.5,26.666666666666668
523,CHA,1906,2.0,27.375
524,CHA,1907,2.0,28.375
525,CHA,1908,2.0,27.555555555555557
526,CHA,1909,2.0,27.6
527,CHA,1910,2.0,28.22222222222222
528,CHA,1911,3.0,27.4
529,CHA,1912,3.0,24.823529411764707
530,CHA,1913,3.0,26.692307692307693
531,CHA,1914,2.0,27.0
532,CHA,1915,2.0,27.545454545454547
533,CHA,1916,2.0,28.333333333333332
534,CHA,1917,1.5,28.5
535,CHA,1918,2.0,28.90909090909091
536,CHA,1919,3.0,29.0
537,CHA,1920,3.5,29.0
538,CHA,1921,6.0,26.058823529411764
539,CHA,1922,4.5,26.38888888888889
540,CHA,1923,5.0,25.294117647058822
541,CHA,1924,5.0,26.176470588235293
542,CHA,1925,5.0,28.4
543,CHA,1926,3.0,28.181818181818183
544,CHA,1927,4.0,29.0
545,CHA,1928,3.0,27.2
546,CHA,1929,5.0,28.923076923076923
547,CHA,1930,5.0,28.333333333333332
548,CHA,1931,5.0,28.666666666666668
549,CHA,1932,4.5,27.653846153846153
550,CHA,1933,4.0,31.6
551,CHA,1934,5.0,29.214285714285715
552,CHA,1935,4.0,28.5
553,CHA,1936,4.0,28.923076923076923
554,CHA,1937,4.0,27.833333333333332
555,CHA,1938,4.0,28.466666666666665
556,CHA,1939,4.5,30.428571428571427
557,CHA,1940,3.5,30.416666666666668
558,CHA,1941,3.0,29.454545454545453
559,CHA,1942,3.0,30.0
560,CHA,1943,3.0,30.0
561,CHA,1944,3.0,29.916666666666668
562,CHA,1945,4.0,32.36363636363637
563,CHA,1946,2.0,33.333333333333336
564,CHA,1947,3.0,32.5
565,CHA,1948,4.5,28.9375
566,CHA,1949,4.5,29.22222222222222
567,CHA,1950,4.0,27.764705882352942
568,CHA,1951,3.0,28.133333333333333
569,CHA,1952,3.0,29.285714285714285
570,CHA,1953,3.0,31.2
571,CHA,1954,3.0,29.53846153846154
572,CHA,1955,3.0,31.8
573,CHA,1956,4.0,31.2
574,CHA,1957,3.0,30.4375
575,CHA,1958,3.0,30.176470588235293
576,CHA,1959,3.0,29.357142857142858
577,CHA,1960,3.0,31.529411764705884
578,CHA,1961,4.0,30.529411764705884
579,CHA,1962,3.0,27.88888888888889
580,CHA,1963,3.0,27.61111111111111
581,CHA,1964,2.0,28.923076923076923
582,CHA,1965,3.0,28.666666666666668
583,CHA,1966,2.0,28.307692307692307
584,CHA,1967,2.0,28.764705882352942
585,CHA,1968,2.0,29.466666666666665
586,CHA,1969,4.5,27.9
587,CHA,1970,4.0,27.238095238095237
588,CHA,1971,3.0,24.928571428571427
589,CHA,1972,3.0,26.647058823529413
590,CHA,1973,3.0,27.733333333333334
591,CHA,1974,4.0,26.352941176470587
592,CHA,1975,4.0,27.35
593,CHA,1976,4.0,26.4375
594,CHA,1977,4.0,28.157894736842106
595,CHA,1978,4.0,27.4
596,CHA,1979,3.0,26.227272727272727
597,CHA,1980,3.5,26.071428571428573
598,CHA,1981,3.0,26.857142857142858
599,CHA,1982,3.0,28.4375
600,CHA,1983,3.0,28.666666666666668
601,CHA,1984,3.0,29.166666666666668
602,CHA,1985,4.0,27.68421052631579
603,CHA,1986,3.0,28.833333333333332
604,CHA,1987,4.0,27.0
605,CHA,1988,4.0,25.904761904761905
606,CHA,1989,4.0,26.94736842105263
607,CHA,1990,3.0,25.823529411764707
608,CHA,1991,3.0,26.58823529411765
609,CHA,1992,4.0,29.153846153846153
610,CHA,1993,3.0,28.95
611,CHA,1994,3.0,30.214285714285715
612,CHA,1995,4.0,28.346153846153847
613,CHA,1996,4.5,28.636363636363637
614,CHA,1997,4.5,28.272727272727273
615,CHA,1998,5.0,27.3
616,CHA,1999,5.0,26.0
617,CHA,2000,4.0,26.59090909090909
618,CHA,2001,4.0,27.285714285714285
619,CHA,2002,4.0,26.875
620,CHA,2003,4.0,28.45
621,CHA,2004,5.0,28.90909090909091
622,CHA,2005,3.0,29.294117647058822
623,CHA,2006,4.0,28.77777777777778
624,CHA,2007,5.0,27.523809523809526
625,CHA,2008,3.0,29.105263157894736
626,CHA,2009,4.0,29.083333333333332
627,CHA,2010,4.0,28.4
628,CHA,2011,3.5,28.454545454545453
629,CHA,2012,3.0,28.32
630,CHA,2013,3.0,27.958333333333332
631,CHA,2014,4.5,28.307692307692307
632,CHA,2015,3.0,28.375
633,CHA,2016,4.0,28.178571428571427
634,CHA,2017,4.0,28.387096774193548
635,CHA,2018,4.0,27.933333333333334
636,CHA,2019,5.0,28.333333333333332
637,CHA,2020,3.0,27.5
638,CHA,2021,3.0,28.115384615384617
639,CHF,1914,2.0,25.3
640,CHF,1915,2.0,28.22222222222222
641,CHN,1876,1.0,26.8
642,CHN,1877,3.0,24.4
643,CHN,1878,3.0,21.333333333333332
644,CHN,1879,2.0,23.0
645,CHN,1880,1.0,23.0
646,CHN,1881,2.0,23.666666666666668
647,CHN,1882,2.0,24.666666666666668
648,CHN,1883,2.0,26.8
649,CHN,1884,3.5,25.785714285714285
650,CHN,1885,2.0,13.428571428571429
651,CHN,1886,2.0,25.8
652,CHN,1887,4.0,24.7
653,CHN,1888,3.0,22.454545454545453
654,CHN,1889,3.0,24.285714285714285
655,CHN,1890,3.0,23.444444444444443
656,CHN,1891,3.0,24.714285714285715
657,CHN,1892,3.0,25.0
658,CHN,1893,5.0,15.2
659,CHN,1894,5.0,26.22222222222222
660,CHN,1895,4.5,26.1
661,CHN,1896,4.5,24.875
662,CHN,1897,5.0,24.77777777777778
663,CHN,1898,2.5,24.666666666666668
664,CHN,1899,3.0,26.333333333333332
665,CHN,1900,3.0,27.1
666,CHN,1901,3.0,27.571428571428573
667,CHN,1902,2.0,27.0
668,CHN,1903,3.0,27.4
669,CHN,1904,2.0,26.142857142857142
670,CHN,1905,2.0,27.142857142857142
671,CHN,1906,1.0,27.77777777777778
672,CHN,1907,1.0,28.375
673,CHN,1908,2.0,27.3
674,CHN,1909,1.5,27.0
675,CHN,1910,3.0,28.333333333333332
676,CHN,1911,3.0,27.764705882352942
677,CHN,1912,3.5,27.5
678,CHN,1913,3.0,28.8
679,CHN,1914,2.0,29.181818181818183
680,CHN,1915,2.5,26.5
681,CHN,1916,2.0,29.727272727272727
682,CHN,1917,2.0,27.166666666666668
683,CHN,1918,2.0,27.363636363636363
684,CHN,1919,2.0,27.7
685,CHN,1920,4.0,26.923076923076923
686,CHN,1921,4.0,26.333333333333332
687,CHN,1922,4.0,25.307692307692307
688,CHN,1923,4.0,25.53846153846154
689,CHN,1924,3.5,27.166666666666668
690,CHN,1925,4.0,26.46153846153846
691,CHN,1926,3.0,27.333333333333332
692,CHN,1927,3.5,26.785714285714285
693,CHN,1928,3.0,29.454545454545453
694,CHN,1929,4.0,30.5
695,CHN,1930,4.0,28.46153846153846
696,CHN,1931,3.0,29.363636363636363
697,CHN,1932,3.0,30.0
698,CHN,1933,3.0,29.181818181818183
699,CHN,1934,3.0,28.272727272727273
700,CHN,1935,3.0,26.727272727272727
701,CHN,1936,3.0,28.5
702,CHN,1937,4.0,28.454545454545453
703,CHN,1938,3.0,28.833333333333332
704,CHN,1939,3.0,30.384615384615383
705,CHN,1940,3.0,30.181818181818183
706,CHN,1941,3.0,28.944444444444443
707,CHN,1942,3.0,29.11111111111111
708,CHN,1943,3.0,31.0
709,CHN,1944,3.5,30.357142857142858
710,CHN,1945,3.0,33.266666666666666
711,CHN,1946,3.0,29.31578947368421
712,CHN,1947,4.0,30.533333333333335
713,CHN,1948,4.0,27.625
714,CHN,1949,4.0,30.733333333333334
715,CHN,1950,4.0,29.166666666666668
716,CHN,1951,4.0,28.785714285714285
717,CHN,1952,3.0,30.071428571428573
718,CHN,1953,5.0,29.0625
719,CHN,1954,4.5,27.9375
720,CHN,1955,4.0,28.5
721,CHN,1956,3.0,28.5
722,CHN,1957,4.0,27.352941176470587
723,CHN,1958,4.0,27.35
724,CHN,1959,4.0,28.5
725,CHN,1960,4.0,25.764705882352942
726,CHN,1961,4.0,26.333333333333332
727,CHN,1962,4.0,26.473684210526315
728,CHN,1963,3.0,28.2
729,CHN,1964,4.0,28.571428571428573
730,CHN,1965,3.0,29.533333333333335
731,CHN,1966,4.0,28.695652173913043
732,CHN,1967,3.0,26.476190476190474
733,CHN,1968,4.0,26.36842105263158
734,CHN,1969,3.0,27.235294117647058
735,CHN,1970,4.0,30.0
736,CHN,1971,4.0,27.466666666666665
737,CHN,1972,3.0,29.0
738,CHN,1973,3.0,28.583333333333332
739,CHN,1974,4.0,26.428571428571427
740,CHN,1975,4.0,27.789473684210527
741,CHN,1976,4.0,28.88888888888889
742,CHN,1977,4.0,28.9375
743,CHN,1978,4.0,28.0
744,CHN,1979,4.0,27.214285714285715
745,CHN,1980,3.5,27.166666666666668
746,CHN,1981,3.0,28.266666666666666
747,CHN,1982,4.0,29.733333333333334
748,CHN,1983,4.0,28.944444444444443
749,CHN,1984,3.0,28.666666666666668
750,CHN,1985,4.0,28.9
751,CHN,1986,4.0,28.833333333333332
752,CHN,1987,5.0,28.333333333333332
753,CHN,1988,4.0,27.77777777777778
754,CHN,1989,3.0,27.066666666666666
755,CHN,1990,4.0,26.65
756,CHN,1991,4.0,27.789473684210527
757,CHN,1992,3.0,28.058823529411764
758,CHN,1993,4.0,28.294117647058822
759,CHN,1994,4.0,29.11111111111111
760,CHN,1995,4.0,28.333333333333332
761,CHN,1996,4.0,29.058823529411764
762,CHN,1997,4.0,28.19047619047619
763,CHN,1998,4.0,29.25
764,CHN,1999,5.0,29.32
765,CHN,2000,6.0,28.0
766,CHN,2001,3.5,28.7
767,CHN,2002,4.0,28.454545454545453
768,CHN,2003,4.0,28.470588235294116
769,CHN,2004,4.0,28.63157894736842
770,CHN,2005,4.0,28.545454545454547
771,CHN,2006,4.0,28.0
772,CHN,2007,3.0,28.227272727272727
773,CHN,2008,4.0,28.782608695652176
774,CHN,2009,3.0,28.416666666666668
775,CHN,2010,4.0,27.869565217391305
776,CHN,2011,4.0,29.045454545454547
777,CHN,2012,4.0,28.233333333333334
778,CHN,2013,4.0,29.06451612903226
779,CHN,2014,3.0,28.22222222222222
780,CHN,2015,3.0,30.20689655172414
781,CHN,2016,3.0,29.96153846153846
782,CHN,2017,3.5,29.607142857142858
783,CHN,2018,3.0,29.6
784,CHN,2019,3.0,30.515151515151516
785,CHN,2020,5.0,29.692307692307693
786,CHN,2021,5.0,29.9
787,CHP,1890,3.5,24.0
788,CHU,1884,3.0,16.444444444444443
789,CIN,1890,2.5,26.166666666666668
790,CIN,1891,4.0,30.0
791,CIN,1892,3.0,24.933333333333334
792,CIN,1893,4.0,25.11111111111111
793,CIN,1894,6.5,18.083333333333332
794,CIN,1895,4.5,27.5
795,CIN,1896,3.5,26.8
796,CIN,1897,4.0,27.571428571428573
797,CIN,1898,3.0,26.875
798,CIN,1899,4.0,27.1
799,CIN,1900,3.5,27.333333333333332
800,CIN,1901,4.5,26.285714285714285
801,CIN,1902,3.0,26.2
802,CIN,1903,3.0,27.444444444444443
803,CIN,1904,2.0,27.428571428571427
804,CIN,1905,3.0,26.333333333333332
805,CIN,1906,2.0,27.071428571428573
806,CIN,1907,2.0,27.833333333333332
807,CIN,1908,2.0,27.0
808,CIN,1909,2.0,27.4375
809,CIN,1910,3.0,26.8
810,CIN,1911,3.0,28.5
811,CIN,1912,3.5,26.166666666666668
812,CIN,1913,3.5,28.0
813,CIN,1914,3.0,25.533333333333335
814,CIN,1915,3.0,25.76923076923077
815,CIN,1916,3.0,27.545454545454547
816,CIN,1917,3.0,25.23076923076923
817,CIN,1918,2.0,26.307692307692307
818,CIN,1919,2.0,28.3
819,CIN,1920,2.0,28.285714285714285
820,CIN,1921,3.5,29.5
821,CIN,1922,3.0,26.88888888888889
822,CIN,1923,3.0,27.09090909090909
823,CIN,1924,3.0,30.333333333333332
824,CIN,1925,4.0,31.545454545454547
825,CIN,1926,3.0,28.166666666666668
826,CIN,1927,3.0,30.6
827,CIN,1928,4.0,29.692307692307693
828,CIN,1929,4.0,30.76923076923077
829,CIN,1930,5.0,29.714285714285715
830,CIN,1931,3.5,29.333333333333332
831,CIN,1932,3.5,31.1
832,CIN,1933,3.0,34.6
833,CIN,1934,4.0,30.77777777777778
834,CIN,1935,3.0,28.166666666666668
835,CIN,1936,4.0,27.9375
836,CIN,1937,3.0,28.866666666666667
837,CIN,1938,3.0,30.307692307692307
838,CIN,1939,3.0,30.125
839,CIN,1940,3.0,29.25
840,CIN,1941,3.0,30.583333333333332
841,CIN,1942,2.0,30.636363636363637
842,CIN,1943,3.0,30.1
843,CIN,1944,3.0,28.77777777777778
844,CIN,1945,3.0,31.470588235294116
845,CIN,1946,3.0,30.466666666666665
846,CIN,1947,4.0,28.77777777777778
847,CIN,1948,4.0,28.6875
848,CIN,1949,4.0,29.066666666666666
849,CIN,1950,4.0,28.083333333333332
850,CIN,1951,3.0,28.5
851,CIN,1952,3.5,28.785714285714285
852,CIN,1953,4.5,28.625
853,CIN,1954,4.0,28.833333333333332
854,CIN,1955,4.0,28.58823529411765
855,CIN,1956,4.0,31.266666666666666
856,CIN,1957,4.0,28.0
857,CIN,1958,3.5,29.35
858,CIN,1959,4.0,28.294117647058822
859,CIN,1960,4.0,28.58823529411765
860,CIN,1961,3.0,26.846153846153847
861,CIN,1962,3.5,29.125
862,CIN,1963,3.5,30.666666666666668
863,CIN,1964,3.0,29.846153846153847
864,CIN,1965,3.0,28.866666666666667
865,CIN,1966,4.0,27.9375
866,CIN,1967,3.0,27.357142857142858
867,CIN,1968,4.0,27.875
868,CIN,1969,4.0,28.529411764705884
869,CIN,1970,3.0,26.133333333333333
870,CIN,1971,3.0,26.0
871,CIN,1972,3.0,26.692307692307693
872,CIN,1973,3.0,27.23076923076923
873,CIN,1974,3.0,26.6
874,CIN,1975,2.5,27.5
875,CIN,1976,3.0,27.153846153846153
876,CIN,1977,4.0,28.35
877,CIN,1978,3.5,27.5
878,CIN,1979,3.0,27.785714285714285
879,CIN,1980,4.0,26.933333333333334
880,CIN,1981,3.0,27.076923076923077
881,CIN,1982,3.0,27.571428571428573
882,CIN,1983,3.5,26.785714285714285
883,CIN,1984,4.0,26.1
884,CIN,1985,3.0,26.6
885,CIN,1986,4.0,28.4
886,CIN,1987,4.0,28.72222222222222
887,CIN,1988,3.0,27.1
888,CIN,1989,3.0,28.0
889,CIN,1990,3.0,26.764705882352942
890,CIN,1991,3.0,27.470588235294116
891,CIN,1992,3.0,27.88235294117647
892,CIN,1993,4.0,28.333333333333332
893,CIN,1994,4.0,27.6875
894,CIN,1995,4.0,28.25
895,CIN,1996,5.0,29.2
896,CIN,1997,4.0,28.8
897,CIN,1998,4.0,28.0
898,CIN,1999,4.0,28.58823529411765
899,CIN,2000,4.0,28.80952380952381
900,CIN,2001,4.0,28.28
901,CIN,2002,4.0,28.80952380952381
902,CIN,2003,4.0,28.1
903,CIN,2004,5.0,28.545454545454547
904,CIN,2005,6.0,28.90909090909091
905,CIN,2006,4.0,30.448275862068964
906,CIN,2007,5.0,29.24
907,CIN,2008,4.0,28.652173913043477
908,CIN,2009,4.0,29.0
909,CIN,2010,3.0,28.347826086956523
910,CIN,2011,3.0,27.428571428571427
911,CIN,2012,2.0,27.176470588235293
912,CIN,2013,3.0,28.0
913,CIN,2014,4.0,28.24
914,CIN,2015,4.0,28.107142857142858
915,CIN,2016,6.0,27.59375
916,CIN,2017,5.0,26.967741935483872
917,CIN,2018,4.0,27.25
918,CIN,2019,4.0,28.153846153846153
919,CIN,2020,3.0,29.130434782608695
920,CIN,2021,4.0,29.02857142857143
921,CL1,1871,4.5,24.5
922,CL1,1872,5.0,26.333333333333332
923,CL2,1879,2.5,23.0
924,CL2,1880,1.0,23.0
925,CL2,1881,2.5,26.5
926,CL2,1882,3.0,28.0
927,CL2,1883,1.5,24.666666666666668
928,CL2,1884,3.0,25.6
929,CL3,1887,4.0,25.90909090909091
930,CL3,1888,4.0,23.545454545454547
931,CL4,1889,3.0,24.333333333333332
932,CL4,1890,4.0,25.166666666666668
933,CL4,1891,4.5,23.6
934,CL4,1892,2.0,25.0
935,CL4,1893,4.0,25.2
936,CL4,1894,5.5,26.142857142857142
937,CL4,1895,4.0,26.166666666666668
938,CL4,1896,4.0,26.625
939,CL4,1897,4.0,25.0
940,CL4,1898,3.0,25.9
941,CL4,1899,6.0,25.866666666666667
942,CL5,1883,5.0,25.0
943,CL5,1884,4.0,23.285714285714285
944,CL6,1889,4.5,23.875
945,CL6,1890,2.0,23.857142857142858
946,CL6,1891,4.0,25.3
947,CLE,1901,4.0,27.642857142857142
948,CLE,1902,4.0,25.235294117647058
949,CLE,1903,2.0,26.692307692307693
950,CLE,1904,2.0,27.0
951,CLE,1905,3.0,26.77777777777778
952,CLE,1906,1.5,27.625
953,CLE,1907,2.0,28.444444444444443
954,CLE,1908,2.0,26.846153846153847
955,CLE,1909,2.0,27.6
956,CLE,1910,3.0,25.642857142857142
957,CLE,1911,3.0,26.0
958,CLE,1912,3.0,24.25
959,CLE,1913,3.0,25.307692307692307
960,CLE,1914,3.0,24.36842105263158
961,CLE,1915,3.0,24.733333333333334
962,CLE,1916,2.0,26.470588235294116
963,CLE,1917,2.5,26.25
964,CLE,1918,2.0,29.1
965,CLE,1919,2.0,28.266666666666666
966,CLE,1920,3.0,27.142857142857142
967,CLE,1921,3.0,26.818181818181817
968,CLE,1922,4.0,25.782608695652176
969,CLE,1923,4.0,27.0
970,CLE,1924,5.0,26.545454545454547
971,CLE,1925,4.0,27.53846153846154
972,CLE,1926,3.0,27.818181818181817
973,CLE,1927,5.0,26.6
974,CLE,1928,4.0,26.235294117647058
975,CLE,1929,4.5,27.25
976,CLE,1930,6.0,26.384615384615383
977,CLE,1931,4.0,26.714285714285715
978,CLE,1932,4.0,26.90909090909091
979,CLE,1933,3.5,27.2
980,CLE,1934,4.0,27.76923076923077
981,CLE,1935,4.0,28.818181818181817
982,CLE,1936,4.0,27.733333333333334
983,CLE,1937,4.0,29.833333333333332
984,CLE,1938,5.0,27.76923076923077
985,CLE,1939,4.0,26.142857142857142
986,CLE,1940,4.0,26.933333333333334
987,CLE,1941,4.0,28.333333333333332
988,CLE,1942,3.0,29.352941176470587
989,CLE,1943,3.0,29.733333333333334
990,CLE,1944,4.0,28.6875
991,CLE,1945,3.0,29.4375
992,CLE,1946,4.0,29.263157894736842
993,CLE,1947,3.0,30.0
994,CLE,1948,3.0,30.235294117647058
995,CLE,1949,3.0,31.7
996,CLE,1950,3.0,29.615384615384617
997,CLE,1951,3.0,28.53846153846154
998,CLE,1952,3.0,29.76923076923077
999,CLE,1953,3.0,30.642857142857142
1000,CLE,1954,2.0,30.076923076923077
1001,CLE,1955,3.0,30.133333333333333
1002,CLE,1956,3.0,30.75
1003,CLE,1957,4.0,30.25
1004,CLE,1958,3.0,28.7
1005,CLE,1959,3.5,28.5625
1006,CLE,1960,4.0,26.666666666666668
1007,CLE,1961,4.0,25.6
1008,CLE,1962,4.0,27.22222222222222
1009,CLE,1963,3.5,27.75
1010,CLE,1964,4.0,27.4
1011,CLE,1965,3.0,28.125
1012,CLE,1966,3.0,27.714285714285715
1013,CLE,1967,3.0,28.8125
1014,CLE,1968,2.0,26.176470588235293
1015,CLE,1969,3.5,27.125
1016,CLE,1970,4.0,26.625
1017,CLE,1971,4.0,25.6875
1018,CLE,1972,3.0,26.8125
1019,CLE,1973,4.0,28.3125
1020,CLE,1974,4.0,30.11111111111111
1021,CLE,1975,3.0,28.94736842105263
1022,CLE,1976,3.0,28.53846153846154
1023,CLE,1977,3.0,28.071428571428573
1024,CLE,1978,3.5,28.071428571428573
1025,CLE,1979,4.0,26.928571428571427
1026,CLE,1980,4.0,27.307692307692307
1027,CLE,1981,3.5,28.916666666666668
1028,CLE,1982,4.0,27.5
1029,CLE,1983,4.0,28.0
1030,CLE,1984,4.0,27.105263157894736
1031,CLE,1985,5.0,27.263157894736842
1032,CLE,1986,4.0,28.833333333333332
1033,CLE,1987,5.0,30.333333333333332
1034,CLE,1988,4.0,28.333333333333332
1035,CLE,1989,3.5,28.35
1036,CLE,1990,4.0,27.142857142857142
1037,CLE,1991,4.0,26.541666666666668
1038,CLE,1992,4.0,27.15
1039,CLE,1993,4.0,27.923076923076923
1040,CLE,1994,5.0,28.666666666666668
1041,CLE,1995,3.0,29.7
1042,CLE,1996,4.0,29.166666666666668
1043,CLE,1997,5.0,29.19047619047619
1044,CLE,1998,5.0,30.47826086956522
1045,CLE,1999,4.0,31.04
1046,CLE,2000,5.0,29.59375
1047,CLE,2001,4.5,29.0
1048,CLE,2002,4.0,28.516129032258064
1049,CLE,2003,4.0,27.724137931034484
1050,CLE,2004,5.0,28.4
1051,CLE,2005,3.0,29.352941176470587
1052,CLE,2006,4.0,28.73913043478261
1053,CLE,2007,4.0,29.238095238095237
1054,CLE,2008,4.0,28.857142857142858
1055,CLE,2009,5.0,28.689655172413794
1056,CLE,2010,4.0,27.0
1057,CLE,2011,4.0,26.59090909090909
1058,CLE,2012,4.0,28.291666666666668
1059,CLE,2013,3.0,27.964285714285715
1060,CLE,2014,3.0,28.09090909090909
1061,CLE,2015,3.0,29.296296296296298
1062,CLE,2016,3.0,28.40740740740741
1063,CLE,2017,3.0,29.85
1064,CLE,2018,4.0,30.51851851851852
1065,CLE,2019,3.0,28.833333333333332
1066,CLE,2020,3.0,27.61111111111111
1067,CLE,2021,4.0,27.541666666666668
1068,CLP,1890,4.0,23.625
1069,CN1,1876,4.0,25.857142857142858
1070,CN1,1877,4.0,25.8
1071,CN1,1878,1.5,23.0
1072,CN1,1879,4.0,24.4
1073,CN1,1880,2.5,26.0
1074,CN2,1882,1.0,26.333333333333332
1075,CN2,1883,2.0,26.4
1076,CN2,1884,3.0,26.8
1077,CN2,1885,3.0,25.0
1078,CN2,1886,4.0,24.666666666666668
1079,CN2,1887,5.0,24.666666666666668
1080,CN2,1888,2.0,24.333333333333332
1081,CN2,1889,3.5,24.666666666666668
1082,CN3,1891,2.0,24.545454545454547
1083,CNU,1884,2.0,27.5
1084,COL,1993,6.0,28.04
1085,COL,1994,5.0,28.22222222222222
1086,COL,1995,5.0,28.7
1087,COL,1996,6.0,28.38095238095238
1088,COL,1997,5.0,28.434782608695652
1089,COL,1998,4.0,27.94736842105263
1090,COL,1999,6.0,28.833333333333332
1091,COL,2000,5.0,29.72
1092,COL,2001,5.0,28.576923076923077
1093,COL,2002,4.5,29.454545454545453
1094,COL,2003,5.0,29.26086956521739
1095,COL,2004,5.0,29.36
1096,COL,2005,5.0,28.037037037037038
1097,COL,2006,4.0,28.875
1098,COL,2007,4.0,28.933333333333334
1099,COL,2008,5.0,29.115384615384617
1100,COL,2009,4.0,30.4
1101,COL,2010,4.0,28.652173913043477
1102,COL,2011,4.0,28.20689655172414
1103,COL,2012,5.0,28.59259259259259
1104,COL,2013,4.0,29.043478260869566
1105,COL,2014,5.0,28.076923076923077
1106,COL,2015,4.0,28.466666666666665
1107,COL,2016,5.0,28.04
1108,COL,2017,4.0,28.38095238095238
1109,COL,2018,4.0,28.428571428571427
1110,COL,2019,5.0,28.64516129032258
1111,COL,2020,6.0,28.166666666666668
1112,COL,2021,4.0,27.96153846153846
1113,DET,1901,3.0,25.857142857142858
1114,DET,1902,3.0,25.583333333333332
1115,DET,1903,3.0,26.5
1116,DET,1904,2.5,27.625
1117,DET,1905,3.0,26.384615384615383
1118,DET,1906,3.0,28.444444444444443
1119,DET,1907,2.0,28.25
1120,DET,1908,2.0,28.0
1121,DET,1909,2.0,26.454545454545453
1122,DET,1910,2.0,26.23076923076923
1123,DET,1911,3.0,25.727272727272727
1124,DET,1912,4.0,25.6
1125,DET,1913,4.0,24.263157894736842
1126,DET,1914,2.0,25.166666666666668
1127,DET,1915,2.0,25.916666666666668
1128,DET,1916,2.5,25.785714285714285
1129,DET,1917,2.0,26.444444444444443
1130,DET,1918,3.0,29.058823529411764
1131,DET,1919,3.0,27.90909090909091
1132,DET,1920,4.0,26.476190476190474
1133,DET,1921,4.0,27.5
1134,DET,1922,4.0,26.454545454545453
1135,DET,1923,4.0,26.583333333333332
1136,DET,1924,4.0,26.615384615384617
1137,DET,1925,4.0,28.384615384615383
1138,DET,1926,4.0,29.153846153846153
1139,DET,1927,4.0,27.071428571428573
1140,DET,1928,4.0,27.181818181818183
1141,DET,1929,5.0,27.4375
1142,DET,1930,5.0,27.0
1143,DET,1931,4.0,28.0
1144,DET,1932,4.0,27.6
1145,DET,1933,4.0,28.428571428571427
1146,DET,1934,4.0,29.166666666666668
1147,DET,1935,3.0,29.90909090909091
1148,DET,1936,5.0,29.545454545454547
1149,DET,1937,5.0,28.384615384615383
1150,DET,1938,4.0,27.214285714285715
1151,DET,1939,4.0,27.736842105263158
1152,DET,1940,4.0,27.764705882352942
1153,DET,1941,4.0,28.0
1154,DET,1942,2.5,28.083333333333332
1155,DET,1943,3.0,27.727272727272727
1156,DET,1944,3.5,29.5
1157,DET,1945,3.0,29.3125
1158,DET,1946,4.0,28.933333333333334
1159,DET,1947,3.0,28.9
1160,DET,1948,4.0,28.166666666666668
1161,DET,1949,3.5,29.0
1162,DET,1950,4.0,29.307692307692307
1163,DET,1951,4.0,30.1875
1164,DET,1952,4.0,28.823529411764707
1165,DET,1953,5.0,28.2
1166,DET,1954,4.0,26.692307692307693
1167,DET,1955,3.0,27.36842105263158
1168,DET,1956,4.0,27.941176470588236
1169,DET,1957,3.0,28.11764705882353
1170,DET,1958,3.0,28.444444444444443
1171,DET,1959,4.0,28.352941176470587
1172,DET,1960,3.0,29.642857142857142
1173,DET,1961,3.0,28.210526315789473
1174,DET,1962,4.0,27.823529411764707
1175,DET,1963,3.0,27.77777777777778
1176,DET,1964,3.0,27.0
1177,DET,1965,3.0,27.444444444444443
1178,DET,1966,3.0,28.9375
1179,DET,1967,3.0,29.352941176470587
1180,DET,1968,2.0,28.066666666666666
1181,DET,1969,3.0,27.625
1182,DET,1970,4.0,26.375
1183,DET,1971,4.0,27.11111111111111
1184,DET,1972,3.0,26.65
1185,DET,1973,4.0,28.0625
1186,DET,1974,4.0,27.833333333333332
1187,DET,1975,4.0,26.4
1188,DET,1976,4.0,26.666666666666668
1189,DET,1977,4.0,26.2
1190,DET,1978,3.0,26.294117647058822
1191,DET,1979,4.0,25.941176470588236
1192,DET,1980,4.0,27.071428571428573
1193,DET,1981,3.0,26.642857142857142
1194,DET,1982,4.0,27.058823529411764
1195,DET,1983,3.0,28.1875
1196,DET,1984,3.0,29.642857142857142
1197,DET,1985,3.0,30.285714285714285
1198,DET,1986,4.0,29.5
1199,DET,1987,4.0,30.071428571428573
1200,DET,1988,3.0,30.0
1201,DET,1989,4.5,28.90909090909091
1202,DET,1990,4.0,28.15
1203,DET,1991,4.0,29.157894736842106
1204,DET,1992,4.0,28.933333333333334
1205,DET,1993,5.0,29.545454545454547
1206,DET,1994,5.0,30.166666666666668
1207,DET,1995,6.0,28.0
1208,DET,1996,7.0,27.296296296296298
1209,DET,1997,5.0,28.0
1210,DET,1998,4.5,27.3
1211,DET,1999,5.0,27.476190476190474
1212,DET,2000,4.0,28.956521739130434
1213,DET,2001,5.0,28.181818181818183
1214,DET,2002,5.0,27.566666666666666
1215,DET,2003,5.0,26.9
1216,DET,2004,4.0,27.61111111111111
1217,DET,2005,4.0,28.73913043478261
1218,DET,2006,3.0,28.210526315789473
1219,DET,2007,4.0,28.36
1220,DET,2008,4.0,29.28
1221,DET,2009,4.0,27.304347826086957
1222,DET,2010,4.0,26.8
1223,DET,2011,4.0,26.884615384615383
1224,DET,2012,3.0,27.391304347826086
1225,DET,2013,3.5,29.05
1226,DET,2014,4.0,27.5
1227,DET,2015,5.0,28.51851851851852
1228,DET,2016,4.0,28.82608695652174
1229,DET,2017,6.0,27.862068965517242
1230,DET,2018,4.0,28.074074074074073
1231,DET,2019,5.0,28.15625
1232,DET,2020,6.0,26.91304347826087
1233,DET,2021,3.0,27.93103448275862
1234,DTN,1881,4.0,23.0
1235,DTN,1882,2.5,23.25
1236,DTN,1883,3.5,24.125
1237,DTN,1884,3.0,22.5
1238,DTN,1885,3.0,23.571428571428573
1239,DTN,1886,3.0,24.142857142857142
1240,DTN,1887,4.0,24.333333333333332
1241,DTN,1888,2.5,24.333333333333332
1242,ELI,1873,3.5,25.5
1243,FLO,1993,4.0,29.11111111111111
1244,FLO,1994,4.5,29.05
1245,FLO,1995,4.0,28.296296296296298
1246,FLO,1996,4.0,27.26086956521739
1247,FLO,1997,3.0,28.3
1248,FLO,1998,5.0,25.545454545454547
1249,FLO,1999,4.0,26.285714285714285
1250,FLO,2000,4.0,27.944444444444443
1251,FLO,2001,4.0,27.608695652173914
1252,FLO,2002,4.0,26.80952380952381
1253,FLO,2003,4.0,27.59090909090909
1254,FLO,2004,4.0,29.32
1255,FLO,2005,5.0,29.37037037037037
1256,FLO,2006,4.0,25.523809523809526
1257,FLO,2007,5.0,26.838709677419356
1258,FLO,2008,4.0,27.0
1259,FLO,2009,4.0,27.444444444444443
1260,FLO,2010,5.0,27.258064516129032
1261,FLO,2011,3.0,27.363636363636363
1262,FW1,1871,5.0,20.0
1263,HAR,1876,1.0,24.0
1264,HAR,1877,3.0,25.0
1265,HOU,1962,4.0,30.176470588235293
1266,HOU,1963,4.0,27.263157894736842
1267,HOU,1964,3.0,28.352941176470587
1268,HOU,1965,3.0,28.304347826086957
1269,HOU,1966,3.0,27.3
1270,HOU,1967,4.0,28.045454545454547
1271,HOU,1968,3.0,27.071428571428573
1272,HOU,1969,4.0,27.0
1273,HOU,1970,4.0,26.88235294117647
1274,HOU,1971,3.0,25.764705882352942
1275,HOU,1972,4.0,27.214285714285715
1276,HOU,1973,4.0,27.266666666666666
1277,HOU,1974,3.0,27.066666666666666
1278,HOU,1975,4.0,26.866666666666667
1279,HOU,1976,3.0,25.529411764705884
1280,HOU,1977,3.0,25.23076923076923
1281,HOU,1978,3.0,26.866666666666667
1282,HOU,1979,3.0,26.63157894736842
1283,HOU,1980,3.0,28.53846153846154
1284,HOU,1981,2.0,29.583333333333332
1285,HOU,1982,3.0,30.0625
1286,HOU,1983,3.0,28.923076923076923
1287,HOU,1984,3.0,29.928571428571427
1288,HOU,1985,3.0,28.875
1289,HOU,1986,3.0,29.42105263157895
1290,HOU,1987,4.0,29.58823529411765
1291,HOU,1988,3.0,31.866666666666667
1292,HOU,1989,4.0,33.11764705882353
1293,HOU,1990,3.0,30.647058823529413
1294,HOU,1991,3.0,26.94736842105263
1295,HOU,1992,4.0,27.375
1296,HOU,1993,3.0,28.5625
1297,HOU,1994,3.0,27.615384615384617
1298,HOU,1995,4.0,28.842105263157894
1299,HOU,1996,4.0,29.681818181818183
1300,HOU,1997,3.5,28.0
1301,HOU,1998,3.0,28.166666666666668
1302,HOU,1999,4.0,28.266666666666666
1303,HOU,2000,5.0,29.73913043478261
1304,HOU,2001,4.0,28.4
1305,HOU,2002,4.0,28.523809523809526
1306,HOU,2003,4.0,28.782608695652176
1307,HOU,2004,4.0,30.0
1308,HOU,2005,4.0,30.88235294117647
1309,HOU,2006,4.0,29.263157894736842
1310,HOU,2007,4.0,30.047619047619047
1311,HOU,2008,4.0,30.85
1312,HOU,2009,5.0,30.90909090909091
1313,HOU,2010,4.0,29.4
1314,HOU,2011,4.0,27.608695652173914
1315,HOU,2012,4.0,28.076923076923077
1316,HOU,2013,4.0,27.23076923076923
1317,HOU,2014,4.0,28.642857142857142
1318,HOU,2015,3.0,29.416666666666668
1319,HOU,2016,4.0,28.652173913043477
1320,HOU,2017,4.0,28.814814814814813
1321,HOU,2018,3.0,28.90909090909091
1322,HOU,2019,4.0,28.76923076923077
1323,HOU,2020,3.0,27.03846153846154
1324,HOU,2021,4.0,28.580645161290324
1325,HR1,1874,2.0,25.5
1326,HR1,1875,1.0,25.333333333333332
1327,IN1,1878,2.0,23.5
1328,IN2,1884,4.5,23.625
1329,IN3,1887,6.0,24.307692307692307
1330,IN3,1888,4.0,26.88888888888889
1331,IN3,1889,4.5,25.666666666666668
1332,IND,1914,3.5,26.5
1333,KC1,1955,6.0,28.925925925925927
1334,KC1,1956,6.0,28.285714285714285
1335,KC1,1957,4.5,27.55
1336,KC1,1958,3.0,28.8
1337,KC1,1959,4.0,28.6
1338,KC1,1960,4.0,27.77777777777778
1339,KC1,1961,4.0,27.954545454545453
1340,KC1,1962,5.0,27.90909090909091
1341,KC1,1963,3.0,26.0
1342,KC1,1964,4.5,26.333333333333332
1343,KC1,1965,4.0,26.666666666666668
1344,KC1,1966,3.0,25.91304347826087
1345,KC1,1967,3.0,26.25
1346,KC2,1888,4.0,26.0
1347,KC2,1889,4.0,25.636363636363637
1348,KCA,1969,3.0,26.25
1349,KCA,1970,3.0,26.529411764705884
1350,KCA,1971,3.0,27.125
1351,KCA,1972,3.0,27.666666666666668
1352,KCA,1973,4.0,27.125
1353,KCA,1974,3.0,29.46153846153846
1354,KCA,1975,3.0,29.071428571428573
1355,KCA,1976,3.0,28.705882352941178
1356,KCA,1977,3.0,28.615384615384617
1357,KCA,1978,3.0,28.933333333333334
1358,KCA,1979,4.0,28.58823529411765
1359,KCA,1980,4.0,28.8
1360,KCA,1981,3.0,28.0
1361,KCA,1982,4.0,30.2
1362,KCA,1983,4.0,31.055555555555557
1363,KCA,1984,4.0,28.0
1364,KCA,1985,3.5,28.0
1365,KCA,1986,4.0,27.76923076923077
1366,KCA,1987,4.0,29.133333333333333
1367,KCA,1988,3.0,29.0
1368,KCA,1989,4.0,28.88235294117647
1369,KCA,1990,4.0,28.47826086956522
1370,KCA,1991,4.0,28.57894736842105
1371,KCA,1992,3.5,28.363636363636363
1372,KCA,1993,4.0,28.45
1373,KCA,1994,4.0,27.866666666666667
1374,KCA,1995,5.0,28.238095238095237
1375,KCA,1996,5.0,28.842105263157894
1376,KCA,1997,4.0,28.36
1377,KCA,1998,5.0,27.90909090909091
1378,KCA,1999,6.0,26.88888888888889
1379,KCA,2000,5.0,26.75
1380,KCA,2001,4.0,27.57894736842105
1381,KCA,2002,5.0,27.423076923076923
1382,KCA,2003,5.0,29.103448275862068
1383,KCA,2004,5.0,28.32
1384,KCA,2005,5.0,26.454545454545453
1385,KCA,2006,5.0,27.838709677419356
1386,KCA,2007,4.0,28.130434782608695
1387,KCA,2008,4.0,29.04
1388,KCA,2009,5.0,29.91304347826087
1389,KCA,2010,5.0,28.4
1390,KCA,2011,4.0,26.347826086956523
1391,KCA,2012,3.0,27.52
1392,KCA,2013,3.0,28.2
1393,KCA,2014,3.0,28.565217391304348
1394,KCA,2015,3.0,29.75
1395,KCA,2016,3.0,30.095238095238095
1396,KCA,2017,4.0,29.137931034482758
1397,KCA,2018,4.0,27.925925925925927
1398,KCA,2019,5.0,28.1
1399,KCA,2020,4.0,27.48148148148148
1400,KCA,2021,4.0,28.333333333333332
1401,KCF,1914,3.5,27.5
1402,KCF,1915,2.0,26.666666666666668
1403,KCN,1886,4.0,22.833333333333332
1404,KCU,1884,4.0,23.55
1405,KEO,1875,1.0,24.0
1406,LAA,1961,4.0,28.0
1407,LAA,1962,3.5,28.0
1408,LAA,1963,3.0,28.444444444444443
1409,LAA,1964,2.0,28.105263157894736
1410,LAA,2005,3.0,28.77777777777778
1411,LAA,2006,4.0,28.944444444444443
1412,LAA,2007,4.0,29.38888888888889
1413,LAA,2008,4.0,28.05263157894737
1414,LAA,2009,5.0,28.12
1415,LAA,2010,3.0,28.285714285714285
1416,LAA,2011,3.0,28.952380952380953
1417,LAA,2012,4.0,29.434782608695652
1418,LAA,2013,4.0,28.615384615384617
1419,LAA,2014,3.0,28.75
1420,LAA,2015,3.0,28.416666666666668
1421,LAA,2016,4.0,28.433333333333334
1422,LAA,2017,4.0,28.903225806451612
1423,LAA,2018,4.0,28.0
1424,LAA,2019,4.0,27.59375
1425,LAA,2020,5.0,27.88
1426,LAA,2021,4.5,28.8
1427,LAN,1958,4.0,26.894736842105264
1428,LAN,1959,3.0,28.4
1429,LAN,1960,3.0,26.46153846153846
1430,LAN,1961,4.0,26.583333333333332
1431,LAN,1962,3.0,26.083333333333332
1432,LAN,1963,3.0,26.714285714285715
1433,LAN,1964,3.0,25.714285714285715
1434,LAN,1965,2.0,26.5
1435,LAN,1966,2.0,27.53846153846154
1436,LAN,1967,3.0,27.066666666666666
1437,LAN,1968,2.0,27.571428571428573
1438,LAN,1969,3.0,28.357142857142858
1439,LAN,1970,3.0,27.625
1440,LAN,1971,3.0,28.642857142857142
1441,LAN,1972,2.0,31.285714285714285
1442,LAN,1973,3.0,28.5
1443,LAN,1974,2.0,27.923076923076923
1444,LAN,1975,2.5,29.142857142857142
1445,LAN,1976,3.0,27.583333333333332
1446,LAN,1977,3.0,27.857142857142858
1447,LAN,1978,3.0,26.666666666666668
1448,LAN,1979,3.0,27.88235294117647
1449,LAN,1980,3.0,27.384615384615383
1450,LAN,1981,3.0,26.0
1451,LAN,1982,3.0,27.6
1452,LAN,1983,2.0,26.5
1453,LAN,1984,3.0,27.692307692307693
1454,LAN,1985,3.0,27.857142857142858
1455,LAN,1986,3.0,28.0
1456,LAN,1987,3.0,28.555555555555557
1457,LAN,1988,3.0,29.31578947368421
1458,LAN,1989,3.0,28.944444444444443
1459,LAN,1990,4.0,28.904761904761905
1460,LAN,1991,2.5,30.5
1461,LAN,1992,3.0,30.857142857142858
1462,LAN,1993,3.0,28.933333333333334
1463,LAN,1994,4.0,28.875
1464,LAN,1995,4.0,27.095238095238095
1465,LAN,1996,3.0,28.6
1466,LAN,1997,3.0,28.3125
1467,LAN,1998,3.0,27.76
1468,LAN,1999,4.0,28.523809523809526
1469,LAN,2000,4.0,29.285714285714285
1470,LAN,2001,4.0,32.04761904761905
1471,LAN,2002,3.0,32.10526315789474
1472,LAN,2003,3.0,30.736842105263158
1473,LAN,2004,3.5,30.5
1474,LAN,2005,4.0,28.25
1475,LAN,2006,4.0,30.227272727272727
1476,LAN,2007,4.0,31.181818181818183
1477,LAN,2008,3.0,30.181818181818183
1478,LAN,2009,3.0,29.44
1479,LAN,2010,4.0,29.291666666666668
1480,LAN,2011,3.0,28.285714285714285
1481,LAN,2012,3.0,29.04
1482,LAN,2013,3.0,28.925925925925927
1483,LAN,2014,3.0,29.16
1484,LAN,2015,4.0,28.64516129032258
1485,LAN,2016,3.0,29.258064516129032
1486,LAN,2017,3.0,29.5
1487,LAN,2018,3.0,29.387096774193548
1488,LAN,2019,3.0,28.92
1489,LAN,2020,2.0,28.285714285714285
1490,LAN,2021,2.0,29.205128205128204
1491,LS1,1876,4.5,23.0
1492,LS1,1877,2.0,28.0
1493,LS2,1882,2.0,24.333333333333332
1494,LS2,1883,3.0,26.333333333333332
1495,LS2,1884,2.0,25.6
1496,LS2,1885,3.0,23.285714285714285
1497,LS2,1886,5.0,23.90909090909091
1498,LS2,1887,4.0,24.0
1499,LS2,1888,3.0,24.0
1500,LS2,1889,4.0,24.77777777777778
1501,LS2,1890,2.0,24.166666666666668
1502,LS2,1891,4.0,24.25
1503,LS3,1892,3.0,25.3
1504,LS3,1893,7.5,24.1
1505,LS3,1894,6.0,27.083333333333332
1506,LS3,1895,5.0,21.266666666666666
1507,LS3,1896,5.5,24.583333333333332
1508,LS3,1897,4.0,24.666666666666668
1509,LS3,1898,4.0,26.77777777777778
1510,LS3,1899,3.0,25.2
1511,MIA,2012,4.0,27.714285714285715
1512,MIA,2013,3.5,26.73076923076923
1513,MIA,2014,4.0,27.36
1514,MIA,2015,4.0,27.75862068965517
1515,MIA,2016,4.0,28.612903225806452
1516,MIA,2017,4.0,29.25
1517,MIA,2018,5.0,27.79310344827586
1518,MIA,2019,4.0,27.653846153846153
1519,MIA,2020,5.0,27.945945945945947
1520,MIA,2021,4.0,28.08823529411765
1521,MID,1872,5.0,24.666666666666668
1522,MIL,1998,4.0,28.391304347826086
1523,MIL,1999,4.0,28.041666666666668
1524,MIL,2000,5.0,28.458333333333332
1525,MIL,2001,4.0,28.208333333333332
1526,MIL,2002,5.0,27.68
1527,MIL,2003,4.0,28.47826086956522
1528,MIL,2004,4.0,27.636363636363637
1529,MIL,2005,3.0,28.736842105263158
1530,MIL,2006,4.0,28.666666666666668
1531,MIL,2007,4.0,29.333333333333332
1532,MIL,2008,4.0,29.85
1533,MIL,2009,5.0,30.043478260869566
1534,MIL,2010,4.0,29.84
1535,MIL,2011,3.0,29.772727272727273
1536,MIL,2012,4.0,29.434782608695652
1537,MIL,2013,3.0,28.61904761904762
1538,MIL,2014,3.0,29.333333333333332
1539,MIL,2015,3.5,27.692307692307693
1540,MIL,2016,4.0,28.555555555555557
1541,MIL,2017,4.0,28.4
1542,MIL,2018,3.0,29.433333333333334
1543,MIL,2019,4.0,29.2
1544,MIL,2020,4.0,28.25
1545,MIL,2021,4.0,29.236842105263158
1546,MIN,1961,4.0,26.36842105263158
1547,MIN,1962,4.0,26.88888888888889
1548,MIN,1963,3.0,26.77777777777778
1549,MIN,1964,4.0,27.05
1550,MIN,1965,3.0,28.066666666666666
1551,MIN,1966,3.0,27.866666666666667
1552,MIN,1967,3.0,28.833333333333332
1553,MIN,1968,2.0,27.428571428571427
1554,MIN,1969,3.0,28.2
1555,MIN,1970,3.0,27.076923076923077
1556,MIN,1971,4.0,27.357142857142858
1557,MIN,1972,2.0,26.416666666666668
1558,MIN,1973,4.0,26.692307692307693
1559,MIN,1974,4.0,26.53846153846154
1560,MIN,1975,4.0,26.307692307692307
1561,MIN,1976,3.0,27.076923076923077
1562,MIN,1977,4.0,27.666666666666668
1563,MIN,1978,3.5,27.375
1564,MIN,1979,4.0,27.533333333333335
1565,MIN,1980,4.0,28.0
1566,MIN,1981,3.5,26.857142857142858
1567,MIN,1982,4.0,26.294117647058822
1568,MIN,1983,4.0,26.357142857142858
1569,MIN,1984,3.0,27.625
1570,MIN,1985,4.0,27.647058823529413
1571,MIN,1986,4.5,28.27777777777778
1572,MIN,1987,5.0,30.823529411764707
1573,MIN,1988,3.5,31.55
1574,MIN,1989,4.0,28.304347826086957
1575,MIN,1990,3.5,27.77777777777778
1576,MIN,1991,4.0,28.25
1577,MIN,1992,3.0,27.529411764705884
1578,MIN,1993,4.0,27.3125
1579,MIN,1994,5.5,27.8125
1580,MIN,1995,5.0,27.272727272727273
1581,MIN,1996,5.0,26.22222222222222
1582,MIN,1997,4.5,28.22222222222222
1583,MIN,1998,4.0,28.88235294117647
1584,MIN,1999,4.0,26.944444444444443
1585,MIN,2000,5.0,26.647058823529413
1586,MIN,2001,5.0,27.571428571428573
1587,MIN,2002,4.0,29.31578947368421
1588,MIN,2003,4.0,30.65
1589,MIN,2004,4.5,28.333333333333332
1590,MIN,2005,3.0,27.866666666666667
1591,MIN,2006,3.0,27.0
1592,MIN,2007,4.0,27.42105263157895
1593,MIN,2008,4.0,28.263157894736842
1594,MIN,2009,4.0,28.333333333333332
1595,MIN,2010,3.0,29.095238095238095
1596,MIN,2011,4.0,28.083333333333332
1597,MIN,2012,5.0,28.32
1598,MIN,2013,4.0,28.26086956521739
1599,MIN,2014,4.0,29.043478260869566
1600,MIN,2015,4.0,29.416666666666668
1601,MIN,2016,5.0,28.413793103448278
1602,MIN,2017,5.0,29.083333333333332
1603,MIN,2018,4.5,28.794117647058822
1604,MIN,2019,4.0,27.741935483870968
1605,MIN,2020,3.0,29.708333333333332
1606,MIN,2021,4.0,29.4
1607,ML1,1953,3.0,27.307692307692307
1608,ML1,1954,3.0,27.076923076923077
1609,ML1,1955,4.0,26.866666666666667
1610,ML1,1956,3.0,28.5
1611,ML1,1957,3.0,28.428571428571427
1612,ML1,1958,3.0,29.307692307692307
1613,ML1,1959,4.0,28.727272727272727
1614,ML1,1960,4.0,28.5
1615,ML1,1961,4.0,28.5625
1616,ML1,1962,3.5,28.125
1617,ML1,1963,3.0,27.5
1618,ML1,1964,4.0,27.63157894736842
1619,ML1,1965,3.0,28.428571428571427
1620,ML2,1878,3.0,24.666666666666668
1621,ML3,1891,2.0,22.4
1622,ML4,1970,4.0,28.473684210526315
1623,ML4,1971,3.0,27.466666666666665
1624,ML4,1972,3.0,26.571428571428573
1625,ML4,1973,3.0,26.5625
1626,ML4,1974,3.0,25.5
1627,ML4,1975,4.0,25.533333333333335
1628,ML4,1976,3.0,26.764705882352942
1629,ML4,1977,4.0,24.923076923076923
1630,ML4,1978,3.0,25.384615384615383
1631,ML4,1979,3.0,27.823529411764707
1632,ML4,1980,3.0,27.333333333333332
1633,ML4,1981,4.0,28.375
1634,ML4,1982,4.0,30.2
1635,ML4,1983,4.0,29.6875
1636,ML4,1984,3.5,30.833333333333332
1637,ML4,1985,4.0,30.470588235294116
1638,ML4,1986,4.0,27.941176470588236
1639,ML4,1987,4.0,27.705882352941178
1640,ML4,1988,3.0,28.428571428571427
1641,ML4,1989,3.0,29.2
1642,ML4,1990,4.0,28.40909090909091
1643,ML4,1991,4.0,28.19047619047619
1644,ML4,1992,3.0,28.6
1645,ML4,1993,4.0,28.38888888888889
1646,ML4,1994,4.0,28.8
1647,ML4,1995,4.0,28.136363636363637
1648,ML4,1996,5.0,28.041666666666668
1649,ML4,1997,4.0,28.61904761904762
1650,MLA,1901,4.0,26.5
1651,MLU,1884,2.0,27.666666666666668
1652,MON,1969,4.0,28.055555555555557
1653,MON,1970,5.0,27.705882352941178
1654,MON,1971,4.0,28.333333333333332
1655,MON,1972,3.0,26.333333333333332
1656,MON,1973,4.0,26.666666666666668
1657,MON,1974,3.0,26.071428571428573
1658,MON,1975,3.0,27.285714285714285
1659,MON,1976,4.0,26.68421052631579
1660,MON,1977,4.0,26.11764705882353
1661,MON,1978,3.0,27.88888888888889
1662,MON,1979,2.0,28.214285714285715
1663,MON,1980,3.0,29.8125
1664,MON,1981,3.0,29.733333333333334
1665,MON,1982,3.0,29.0
1666,MON,1983,3.0,28.8
1667,MON,1984,2.5,27.8125
1668,MON,1985,3.0,28.6
1669,MON,1986,3.0,28.7
1670,MON,1987,4.0,29.333333333333332
1671,MON,1988,3.0,28.41176470588235
1672,MON,1989,4.0,29.5
1673,MON,1990,2.5,28.333333333333332
1674,MON,1991,4.0,28.94736842105263
1675,MON,1992,3.0,27.523809523809526
1676,MON,1993,3.0,27.272727272727273
1677,MON,1994,3.0,26.3125
1678,MON,1995,4.0,28.047619047619047
1679,MON,1996,3.0,27.72222222222222
1680,MON,1997,5.0,26.857142857142858
1681,MON,1998,4.0,26.57894736842105
1682,MON,1999,4.0,26.61904761904762
1683,MON,2000,6.0,26.62962962962963
1684,MON,2001,4.0,28.695652173913043
1685,MON,2002,3.5,28.45
1686,MON,2003,4.0,27.16
1687,MON,2004,4.0,26.772727272727273
1688,NEW,1915,2.5,27.833333333333332
1689,NH1,1875,3.0,22.5
1690,NY1,1883,2.0,25.8
1691,NY1,1884,3.0,25.0
1692,NY1,1885,2.0,25.6
1693,NY1,1886,3.5,24.75
1694,NY1,1887,3.5,24.0
1695,NY1,1888,2.0,26.714285714285715
1696,NY1,1889,3.0,29.625
1697,NY1,1890,2.0,24.166666666666668
1698,NY1,1891,3.0,25.272727272727273
1699,NY1,1892,3.0,26.2
1700,NY1,1893,6.5,25.25
1701,NY1,1894,4.0,25.8
1702,NY1,1895,5.0,26.0
1703,NY1,1896,5.0,26.083333333333332
1704,NY1,1897,3.0,27.285714285714285
1705,NY1,1898,3.0,27.428571428571427
1706,NY1,1899,4.0,26.272727272727273
1707,NY1,1900,3.0,27.11111111111111
1708,NY1,1901,5.0,27.263157894736842
1709,NY1,1902,3.0,27.23076923076923
1710,NY1,1903,2.0,25.428571428571427
1711,NY1,1904,2.0,28.333333333333332
1712,NY1,1905,2.0,27.833333333333332
1713,NY1,1906,2.0,26.571428571428573
1714,NY1,1907,2.0,27.0
1715,NY1,1908,2.0,28.1
1716,NY1,1909,2.0,26.25
1717,NY1,1910,3.0,26.09090909090909
1718,NY1,1911,2.5,27.3
1719,NY1,1912,2.5,26.083333333333332
1720,NY1,1913,2.0,27.25
1721,NY1,1914,3.0,26.833333333333332
1722,NY1,1915,3.0,26.666666666666668
1723,NY1,1916,2.0,27.166666666666668
1724,NY1,1917,2.0,27.454545454545453
1725,NY1,1918,2.0,27.266666666666666
1726,NY1,1919,3.0,27.0
1727,NY1,1920,2.0,27.307692307692307
1728,NY1,1921,3.0,28.333333333333332
1729,NY1,1922,3.0,27.4
1730,NY1,1923,3.0,27.0
1731,NY1,1924,3.0,27.066666666666666
1732,NY1,1925,3.0,27.833333333333332
1733,NY1,1926,3.0,28.428571428571427
1734,NY1,1927,3.0,27.90909090909091
1735,NY1,1928,4.0,29.3125
1736,NY1,1929,3.0,28.25
1737,NY1,1930,5.0,29.571428571428573
1738,NY1,1931,3.5,28.214285714285715
1739,NY1,1932,4.0,31.454545454545453
1740,NY1,1933,3.0,29.916666666666668
1741,NY1,1934,3.0,29.09090909090909
1742,NY1,1935,4.0,29.583333333333332
1743,NY1,1936,3.0,29.555555555555557
1744,NY1,1937,3.0,29.266666666666666
1745,NY1,1938,3.5,27.833333333333332
1746,NY1,1939,4.0,28.5
1747,NY1,1940,3.0,30.5
1748,NY1,1941,3.0,29.0
1749,NY1,1942,3.0,28.785714285714285
1750,NY1,1943,4.0,29.470588235294116
1751,NY1,1944,4.0,28.11764705882353
1752,NY1,1945,4.0,28.529411764705884
1753,NY1,1946,4.0,29.318181818181817
1754,NY1,1947,4.0,27.94736842105263
1755,NY1,1948,4.0,29.210526315789473
1756,NY1,1949,4.0,28.46153846153846
1757,NY1,1950,3.0,29.363636363636363
1758,NY1,1951,3.0,28.857142857142858
1759,NY1,1952,4.0,29.466666666666665
1760,NY1,1953,4.0,31.0
1761,NY1,1954,3.0,28.6875
1762,NY1,1955,3.0,29.46153846153846
1763,NY1,1956,3.0,28.4375
1764,NY1,1957,4.0,28.833333333333332
1765,NY2,1871,10.0,25.333333333333332
1766,NY2,1872,3.0,23.5
1767,NY2,1873,2.5,25.0
1768,NY2,1874,1.5,25.0
1769,NY2,1875,1.0,25.0
1770,NY3,1876,3.0,-7.333333333333333
1771,NY4,1883,3.0,26.0
1772,NY4,1884,2.0,26.333333333333332
1773,NY4,1885,4.5,27.375
1774,NY4,1886,3.0,26.666666666666668
1775,NY4,1887,5.0,20.714285714285715
1776,NYA,1903,3.0,27.90909090909091
1777,NYA,1904,2.0,29.0
1778,NYA,1905,3.0,28.181818181818183
1779,NYA,1906,2.0,27.90909090909091
1780,NYA,1907,3.0,28.294117647058822
1781,NYA,1908,3.0,27.214285714285715
1782,NYA,1909,2.0,28.133333333333333
1783,NYA,1910,3.0,26.0
1784,NYA,1911,4.0,25.818181818181817
1785,NYA,1912,5.0,24.923076923076923
1786,NYA,1913,3.0,26.23076923076923
1787,NYA,1914,2.5,25.9
1788,NYA,1915,3.0,26.352941176470587
1789,NYA,1916,2.0,26.692307692307693
1790,NYA,1917,2.0,24.933333333333334
1791,NYA,1918,3.0,25.933333333333334
1792,NYA,1919,2.5,26.833333333333332
1793,NYA,1920,4.0,27.7
1794,NYA,1921,4.0,27.545454545454547
1795,NYA,1922,3.0,27.75
1796,NYA,1923,3.0,28.375
1797,NYA,1924,4.0,28.0
1798,NYA,1925,6.0,27.76923076923077
1799,NYA,1926,3.0,29.727272727272727
1800,NYA,1927,3.0,31.4
1801,NYA,1928,3.0,30.384615384615383
1802,NYA,1929,4.0,28.25
1803,NYA,1930,5.0,28.88888888888889
1804,NYA,1931,4.0,27.666666666666668
1805,NYA,1932,4.0,27.928571428571427
1806,NYA,1933,4.0,30.5
1807,NYA,1934,3.5,28.428571428571427
1808,NYA,1935,3.0,28.1
1809,NYA,1936,4.0,30.0
1810,NYA,1937,3.5,30.416666666666668
1811,NYA,1938,3.5,30.214285714285715
1812,NYA,1939,3.0,30.416666666666668
1813,NYA,1940,3.0,31.153846153846153
1814,NYA,1941,3.0,29.5
1815,NYA,1942,3.0,30.692307692307693
1816,NYA,1943,3.0,31.0
1817,NYA,1944,3.0,30.076923076923077
1818,NYA,1945,3.0,32.642857142857146
1819,NYA,1946,4.0,30.0
1820,NYA,1947,3.0,29.41176470588235
1821,NYA,1948,3.0,28.46153846153846
1822,NYA,1949,4.0,29.857142857142858
1823,NYA,1950,4.0,29.666666666666668
1824,NYA,1951,3.0,30.842105263157894
1825,NYA,1952,3.0,30.3125
1826,NYA,1953,3.0,30.642857142857142
1827,NYA,1954,3.0,30.41176470588235
1828,NYA,1955,3.0,29.4375
1829,NYA,1956,3.0,28.2
1830,NYA,1957,2.5,29.166666666666668
1831,NYA,1958,3.0,31.0
1832,NYA,1959,3.0,28.352941176470587
1833,NYA,1960,3.5,28.4375
1834,NYA,1961,3.0,28.375
1835,NYA,1962,3.0,28.466666666666665
1836,NYA,1963,2.0,27.923076923076923
1837,NYA,1964,3.0,27.428571428571427
1838,NYA,1965,3.0,27.0
1839,NYA,1966,3.0,27.928571428571427
1840,NYA,1967,3.0,28.2
1841,NYA,1968,3.0,28.823529411764707
1842,NYA,1969,3.0,28.285714285714285
1843,NYA,1970,3.0,27.41176470588235
1844,NYA,1971,4.0,27.466666666666665
1845,NYA,1972,3.0,28.666666666666668
1846,NYA,1973,3.0,29.333333333333332
1847,NYA,1974,3.0,28.526315789473685
1848,NYA,1975,3.0,27.833333333333332
1849,NYA,1976,3.0,29.214285714285715
1850,NYA,1977,3.0,28.384615384615383
1851,NYA,1978,3.0,28.941176470588236
1852,NYA,1979,3.0,29.0
1853,NYA,1980,3.0,32.07692307692308
1854,NYA,1981,2.0,29.0
1855,NYA,1982,4.0,29.11764705882353
1856,NYA,1983,3.5,30.25
1857,NYA,1984,3.0,28.705882352941178
1858,NYA,1985,3.0,30.88235294117647
1859,NYA,1986,3.5,31.0
1860,NYA,1987,4.0,30.5
1861,NYA,1988,4.0,30.61111111111111
1862,NYA,1989,4.5,29.545454545454547
1863,NYA,1990,4.0,28.45
1864,NYA,1991,3.5,29.5
1865,NYA,1992,4.0,29.0
1866,NYA,1993,4.0,29.454545454545453
1867,NYA,1994,4.0,31.176470588235293
1868,NYA,1995,4.0,29.8
1869,NYA,1996,5.0,30.083333333333332
1870,NYA,1997,3.5,29.555555555555557
1871,NYA,1998,3.0,29.36842105263158
1872,NYA,1999,4.0,30.72222222222222
1873,NYA,2000,5.0,29.59090909090909
1874,NYA,2001,3.5,29.5
1875,NYA,2002,4.0,31.294117647058822
1876,NYA,2003,4.0,32.130434782608695
1877,NYA,2004,5.0,31.608695652173914
1878,NYA,2005,6.0,32.67857142857143
1879,NYA,2006,4.0,31.12
1880,NYA,2007,4.0,29.321428571428573
1881,NYA,2008,4.0,28.925925925925927
1882,NYA,2009,4.0,28.583333333333332
1883,NYA,2010,4.0,29.80952380952381
1884,NYA,2011,3.0,29.642857142857142
1885,NYA,2012,3.0,31.130434782608695
1886,NYA,2013,4.0,29.708333333333332
1887,NYA,2014,4.0,29.363636363636363
1888,NYA,2015,4.0,27.87878787878788
1889,NYA,2016,4.0,27.75862068965517
1890,NYA,2017,3.0,27.76
1891,NYA,2018,3.0,28.62962962962963
1892,NYA,2019,4.0,28.96875
1893,NYA,2020,4.0,29.36
1894,NYA,2021,3.0,29.2
1895,NYN,1962,5.0,28.41176470588235
1896,NYN,1963,4.0,26.692307692307693
1897,NYN,1964,4.0,26.25
1898,NYN,1965,4.0,26.8
1899,NYN,1966,4.0,26.57894736842105
1900,NYN,1967,3.0,26.62962962962963
1901,NYN,1968,2.0,26.5
1902,NYN,1969,3.0,26.333333333333332
1903,NYN,1970,3.0,27.857142857142858
1904,NYN,1971,3.0,26.307692307692307
1905,NYN,1972,3.5,26.285714285714285
1906,NYN,1973,3.0,27.1875
1907,NYN,1974,3.0,27.8125
1908,NYN,1975,4.0,27.0625
1909,NYN,1976,2.0,28.46153846153846
1910,NYN,1977,3.0,27.375
1911,NYN,1978,3.5,26.875
1912,NYN,1979,3.0,26.75
1913,NYN,1980,4.0,26.529411764705884
1914,NYN,1981,3.0,28.263157894736842
1915,NYN,1982,3.0,26.666666666666668
1916,NYN,1983,3.0,27.533333333333335
1917,NYN,1984,3.0,27.3125
1918,NYN,1985,2.0,26.529411764705884
1919,NYN,1986,3.0,27.333333333333332
1920,NYN,1987,3.0,27.166666666666668
1921,NYN,1988,3.0,27.4
1922,NYN,1989,3.0,27.55
1923,NYN,1990,3.0,28.2
1924,NYN,1991,2.5,27.77777777777778
1925,NYN,1992,4.0,29.263157894736842
1926,NYN,1993,3.0,29.31578947368421
1927,NYN,1994,4.0,28.61111111111111
1928,NYN,1995,3.0,27.636363636363637
1929,NYN,1996,4.0,28.058823529411764
1930,NYN,1997,4.0,29.19047619047619
1931,NYN,1998,3.0,31.25
1932,NYN,1999,4.0,31.695652173913043
1933,NYN,2000,4.5,30.75
1934,NYN,2001,3.5,30.5
1935,NYN,2002,3.0,29.24
1936,NYN,2003,4.0,30.04
1937,NYN,2004,4.0,32.0
1938,NYN,2005,3.5,32.0
1939,NYN,2006,4.0,30.62962962962963
1940,NYN,2007,4.5,30.166666666666668
1941,NYN,2008,4.0,29.708333333333332
1942,NYN,2009,4.0,30.041666666666668
1943,NYN,2010,3.0,29.45
1944,NYN,2011,4.0,30.434782608695652
1945,NYN,2012,4.0,29.357142857142858
1946,NYN,2013,3.0,30.06896551724138
1947,NYN,2014,3.0,29.727272727272727
1948,NYN,2015,3.0,28.26923076923077
1949,NYN,2016,3.5,28.363636363636363
1950,NYN,2017,5.0,27.689655172413794
1951,NYN,2018,5.0,28.066666666666666
1952,NYN,2019,4.0,28.586206896551722
1953,NYN,2020,5.0,29.32
1954,NYN,2021,4.0,29.547619047619047
1955,NYP,1890,4.0,31.428571428571427
1956,OAK,1968,3.0,24.285714285714285
1957,OAK,1969,3.0,25.866666666666667
1958,OAK,1970,2.5,28.1875
1959,OAK,1971,3.0,28.4375
1960,OAK,1972,2.0,28.866666666666667
1961,OAK,1973,3.0,27.666666666666668
1962,OAK,1974,3.0,27.90909090909091
1963,OAK,1975,3.0,29.285714285714285
1964,OAK,1976,3.0,27.666666666666668
1965,OAK,1977,4.0,27.68421052631579
1966,OAK,1978,3.0,25.0
1967,OAK,1979,4.0,25.846153846153847
1968,OAK,1980,3.0,25.666666666666668
1969,OAK,1981,3.0,27.0
1970,OAK,1982,4.0,27.41176470588235
1971,OAK,1983,4.0,27.727272727272727
1972,OAK,1984,4.0,28.65
1973,OAK,1985,4.0,28.529411764705884
1974,OAK,1986,4.0,27.904761904761905
1975,OAK,1987,5.0,28.954545454545453
1976,OAK,1988,3.0,28.133333333333333
1977,OAK,1989,2.5,29.75
1978,OAK,1990,2.0,30.066666666666666
1979,OAK,1991,5.0,28.91304347826087
1980,OAK,1992,3.0,30.636363636363637
1981,OAK,1993,4.5,30.318181818181817
1982,OAK,1994,4.0,29.75
1983,OAK,1995,4.0,29.391304347826086
1984,OAK,1996,5.0,27.65
1985,OAK,1997,5.0,27.96153846153846
1986,OAK,1998,4.0,30.473684210526315
1987,OAK,1999,5.0,30.565217391304348
1988,OAK,2000,4.0,30.047619047619047
1989,OAK,2001,3.0,29.5
1990,OAK,2002,4.0,29.11764705882353
1991,OAK,2003,4.0,28.11111111111111
1992,OAK,2004,4.0,28.941176470588236
1993,OAK,2005,3.0,28.7
1994,OAK,2006,4.0,27.952380952380953
1995,OAK,2007,4.0,28.0
1996,OAK,2008,4.0,27.416666666666668
1997,OAK,2009,4.0,27.03846153846154
1998,OAK,2010,4.0,27.565217391304348
1999,OAK,2011,3.0,28.0
2000,OAK,2012,3.0,28.24
2001,OAK,2013,3.0,29.166666666666668
2002,OAK,2014,3.0,28.90909090909091
2003,OAK,2015,4.0,28.466666666666665
2004,OAK,2016,4.0,28.14814814814815
2005,OAK,2017,4.0,28.678571428571427
2006,OAK,2018,3.5,29.676470588235293
2007,OAK,2019,3.5,30.357142857142858
2008,OAK,2020,3.0,29.63157894736842
2009,OAK,2021,3.0,30.037037037037038
2010,PH1,1871,7.0,23.0
2011,PH1,1872,2.0,25.0
2012,PH1,1873,2.0,26.333333333333332
2013,PH1,1874,1.0,27.0
2014,PH1,1875,2.0,25.75
2015,PH2,1873,3.0,25.333333333333332
2016,PH2,1874,1.0,26.0
2017,PH2,1875,1.5,25.833333333333332
2018,PH3,1875,2.0,27.0
2019,PH4,1882,2.5,25.875
2020,PH4,1883,3.0,26.666666666666668
2021,PH4,1884,4.0,25.25
2022,PH4,1885,3.0,26.5
2023,PH4,1886,4.0,25.866666666666667
2024,PH4,1887,5.0,18.181818181818183
2025,PH4,1888,2.0,23.857142857142858
2026,PH4,1889,3.0,23.875
2027,PH4,1890,7.0,18.857142857142858
2028,PH4,1891,3.0,24.142857142857142
2029,PHA,1901,4.0,27.2
2030,PHA,1902,3.0,25.153846153846153
2031,PHA,1903,3.0,22.9
2032,PHA,1904,2.0,24.444444444444443
2033,PHA,1905,2.0,24.571428571428573
2034,PHA,1906,2.5,24.5
2035,PHA,1907,2.0,26.0
2036,PHA,1908,2.0,24.785714285714285
2037,PHA,1909,2.0,26.7
2038,PHA,1910,1.5,26.5
2039,PHA,1911,3.0,25.23076923076923
2040,PHA,1912,3.0,24.294117647058822
2041,PHA,1913,3.5,24.571428571428573
2042,PHA,1914,2.5,24.714285714285715
2043,PHA,1915,4.0,22.703703703703702
2044,PHA,1916,4.0,23.05
2045,PHA,1917,3.0,24.866666666666667
2046,PHA,1918,4.0,23.5625
2047,PHA,1919,4.0,24.869565217391305
2048,PHA,1920,4.0,24.266666666666666
2049,PHA,1921,4.0,24.133333333333333
2050,PHA,1922,4.5,25.071428571428573
2051,PHA,1923,4.0,25.3125
2052,PHA,1924,4.0,26.666666666666668
2053,PHA,1925,3.0,27.916666666666668
2054,PHA,1926,2.0,30.0
2055,PHA,1927,4.0,29.333333333333332
2056,PHA,1928,3.0,30.076923076923077
2057,PHA,1929,3.0,30.6
2058,PHA,1930,4.0,29.818181818181817
2059,PHA,1931,4.0,27.454545454545453
2060,PHA,1932,5.0,27.0
2061,PHA,1933,5.0,27.3125
2062,PHA,1934,4.0,24.8
2063,PHA,1935,5.0,25.57894736842105
2064,PHA,1936,6.0,25.526315789473685
2065,PHA,1937,4.0,25.153846153846153
2066,PHA,1938,5.0,26.153846153846153
2067,PHA,1939,6.0,27.11111111111111
2068,PHA,1940,6.0,27.53846153846154
2069,PHA,1941,4.0,27.31578947368421
2070,PHA,1942,4.5,26.3125
2071,PHA,1943,4.0,25.5
2072,PHA,1944,3.0,29.818181818181817
2073,PHA,1945,3.5,28.571428571428573
2074,PHA,1946,4.0,29.77777777777778
2075,PHA,1947,3.0,28.0
2076,PHA,1948,4.0,28.583333333333332
2077,PHA,1949,4.0,26.818181818181817
2078,PHA,1950,5.5,28.5
2079,PHA,1951,4.0,28.692307692307693
2080,PHA,1952,4.5,29.875
2081,PHA,1953,4.0,29.125
2082,PHA,1954,5.0,27.65
2083,PHI,1883,6.0,24.333333333333332
2084,PHI,1884,4.0,23.0
2085,PHI,1885,2.5,23.75
2086,PHI,1886,2.0,22.428571428571427
2087,PHI,1887,5.0,23.714285714285715
2088,PHI,1888,2.5,26.666666666666668
2089,PHI,1889,5.0,24.77777777777778
2090,PHI,1890,3.0,23.88888888888889
2091,PHI,1891,4.0,17.727272727272727
2092,PHI,1892,3.0,25.0
2093,PHI,1893,4.0,25.375
2094,PHI,1894,6.5,25.0
2095,PHI,1895,6.0,24.09090909090909
2096,PHI,1896,5.0,24.857142857142858
2097,PHI,1897,4.5,24.9
2098,PHI,1898,4.5,24.4
2099,PHI,1899,3.0,26.75
2100,PHI,1900,4.0,27.1
2101,PHI,1901,2.5,26.166666666666668
2102,PHI,1902,3.5,26.416666666666668
2103,PHI,1903,4.0,28.444444444444443
2104,PHI,1904,3.0,26.818181818181817
2105,PHI,1905,3.0,27.09090909090909
2106,PHI,1906,2.5,27.3
2107,PHI,1907,2.0,26.545454545454547
2108,PHI,1908,1.5,26.5
2109,PHI,1909,2.0,26.636363636363637
2110,PHI,1910,3.0,27.9375
2111,PHI,1911,4.0,26.705882352941178
2112,PHI,1912,3.0,24.933333333333334
2113,PHI,1913,3.5,25.571428571428573
2114,PHI,1914,3.0,23.9
2115,PHI,1915,2.0,25.666666666666668
2116,PHI,1916,2.0,26.818181818181817
2117,PHI,1917,2.0,29.142857142857142
2118,PHI,1918,3.0,27.454545454545453
2119,PHI,1919,4.5,27.625
2120,PHI,1920,3.0,25.454545454545453
2121,PHI,1921,4.0,27.307692307692307
2122,PHI,1922,5.0,26.916666666666668
2123,PHI,1923,5.5,28.88888888888889
2124,PHI,1924,4.0,29.214285714285715
2125,PHI,1925,5.0,29.375
2126,PHI,1926,6.0,27.266666666666666
2127,PHI,1927,6.0,28.5
2128,PHI,1928,5.0,28.375
2129,PHI,1929,6.0,28.0
2130,PHI,1930,7.0,30.214285714285715
2131,PHI,1931,6.0,29.1875
2132,PHI,1932,3.5,29.571428571428573
2133,PHI,1933,4.0,28.428571428571427
2134,PHI,1934,5.0,29.6
2135,PHI,1935,5.0,28.2
2136,PHI,1936,4.0,27.647058823529413
2137,PHI,1937,5.5,27.428571428571427
2138,PHI,1938,5.0,28.733333333333334
2139,PHI,1939,4.0,27.526315789473685
2140,PHI,1940,4.0,28.0
2141,PHI,1941,4.0,27.0625
2142,PHI,1942,4.0,26.666666666666668
2143,PHI,1943,4.0,27.61904761904762
2144,PHI,1944,4.0,27.41176470588235
2145,PHI,1945,4.5,31.454545454545453
2146,PHI,1946,4.0,29.5
2147,PHI,1947,4.0,29.125
2148,PHI,1948,4.0,29.75
2149,PHI,1949,4.0,29.0
2150,PHI,1950,3.0,28.2
2151,PHI,1951,4.0,28.8
2152,PHI,1952,3.0,28.285714285714285
2153,PHI,1953,4.0,27.833333333333332
2154,PHI,1954,3.5,28.416666666666668
2155,PHI,1955,4.0,27.647058823529413
2156,PHI,1956,4.0,28.77777777777778
2157,PHI,1957,3.5,28.5
2158,PHI,1958,4.0,28.0
2159,PHI,1959,5.0,27.944444444444443
2160,PHI,1960,4.0,27.1875
2161,PHI,1961,4.0,27.53846153846154
2162,PHI,1962,4.0,26.933333333333334
2163,PHI,1963,3.0,27.285714285714285
2164,PHI,1964,3.0,28.666666666666668
2165,PHI,1965,3.0,29.428571428571427
2166,PHI,1966,4.0,29.68421052631579
2167,PHI,1967,3.0,30.764705882352942
2168,PHI,1968,3.0,29.23076923076923
2169,PHI,1969,4.0,27.466666666666665
2170,PHI,1970,4.0,27.6
2171,PHI,1971,3.0,28.571428571428573
2172,PHI,1972,3.5,28.0625
2173,PHI,1973,4.0,26.933333333333334
2174,PHI,1974,4.0,27.473684210526315
2175,PHI,1975,4.0,28.133333333333333
2176,PHI,1976,3.0,29.363636363636363
2177,PHI,1977,4.0,29.0
2178,PHI,1978,3.0,29.666666666666668
2179,PHI,1979,4.0,29.41176470588235
2180,PHI,1980,3.0,28.058823529411764
2181,PHI,1981,4.0,29.857142857142858
2182,PHI,1982,3.5,31.8125
2183,PHI,1983,3.0,30.27777777777778
2184,PHI,1984,3.0,31.5
2185,PHI,1985,3.0,30.058823529411764
2186,PHI,1986,3.5,28.954545454545453
2187,PHI,1987,4.0,28.77777777777778
2188,PHI,1988,4.0,28.38095238095238
2189,PHI,1989,4.0,27.5
2190,PHI,1990,3.5,27.35
2191,PHI,1991,3.0,27.31578947368421
2192,PHI,1992,4.5,27.75
2193,PHI,1993,3.5,29.0
2194,PHI,1994,3.5,29.25
2195,PHI,1995,4.0,28.153846153846153
2196,PHI,1996,4.0,27.88
2197,PHI,1997,5.0,27.82608695652174
2198,PHI,1998,5.0,28.952380952380953
2199,PHI,1999,5.0,29.318181818181817
2200,PHI,2000,5.0,28.962962962962962
2201,PHI,2001,4.0,29.681818181818183
2202,PHI,2002,4.0,29.35
2203,PHI,2003,4.0,29.65
2204,PHI,2004,4.0,30.142857142857142
2205,PHI,2005,4.0,29.842105263157894
2206,PHI,2006,4.0,30.91304347826087
2207,PHI,2007,5.0,29.464285714285715
2208,PHI,2008,3.0,31.166666666666668
2209,PHI,2009,4.0,31.045454545454547
2210,PHI,2010,3.0,30.857142857142858
2211,PHI,2011,3.0,29.782608695652176
2212,PHI,2012,4.0,29.041666666666668
2213,PHI,2013,4.0,29.25925925925926
2214,PHI,2014,3.5,29.576923076923077
2215,PHI,2015,5.0,28.3
2216,PHI,2016,5.0,26.88888888888889
2217,PHI,2017,4.0,27.516129032258064
2218,PHI,2018,4.0,26.903225806451612
2219,PHI,2019,4.5,28.970588235294116
2220,PHI,2020,5.0,28.724137931034484
2221,PHI,2021,4.0,28.37142857142857
2222,PHN,1876,3.0,25.0
2223,PHP,1890,3.0,25.6
2224,PHU,1884,4.0,11.285714285714286
2225,PIT,1887,4.0,26.6
2226,PIT,1888,2.5,25.333333333333332
2227,PIT,1889,6.0,23.545454545454547
2228,PIT,1890,5.5,24.272727272727273
2229,PIT,1891,2.0,26.5
2230,PIT,1892,3.0,26.0
2231,PIT,1893,4.0,26.285714285714285
2232,PIT,1894,5.0,26.0
2233,PIT,1895,4.0,24.307692307692307
2234,PIT,1896,5.0,25.857142857142858
2235,PIT,1897,4.0,25.666666666666668
2236,PIT,1898,3.0,26.9
2237,PIT,1899,3.0,26.727272727272727
2238,PIT,1900,2.5,26.25
2239,PIT,1901,2.0,27.11111111111111
2240,PIT,1902,2.0,28.11111111111111
2241,PIT,1903,3.0,26.076923076923077
2242,PIT,1904,3.0,25.846153846153847
2243,PIT,1905,2.0,27.545454545454547
2244,PIT,1906,2.0,26.714285714285715
2245,PIT,1907,2.0,27.153846153846153
2246,PIT,1908,2.0,28.0
2247,PIT,1909,2.0,27.692307692307693
2248,PIT,1910,2.0,27.0
2249,PIT,1911,3.0,26.5
2250,PIT,1912,2.0,25.166666666666668
2251,PIT,1913,3.0,25.285714285714285
2252,PIT,1914,2.0,24.636363636363637
2253,PIT,1915,2.0,24.818181818181817
2254,PIT,1916,2.0,25.0
2255,PIT,1917,2.0,24.88888888888889
2256,PIT,1918,2.0,28.307692307692307
2257,PIT,1919,3.0,27.7
2258,PIT,1920,3.0,26.75
2259,PIT,1921,2.0,27.214285714285715
2260,PIT,1922,3.0,28.818181818181817
2261,PIT,1923,4.0,31.0
2262,PIT,1924,3.0,29.307692307692307
2263,PIT,1925,3.0,30.545454545454547
2264,PIT,1926,3.0,30.866666666666667
2265,PIT,1927,4.0,29.714285714285715
2266,PIT,1928,4.0,29.785714285714285
2267,PIT,1929,4.0,31.0
2268,PIT,1930,5.5,27.625
2269,PIT,1931,3.5,28.666666666666668
2270,PIT,1932,3.0,30.1
2271,PIT,1933,3.0,30.90909090909091
2272,PIT,1934,4.0,30.928571428571427
2273,PIT,1935,3.0,28.75
2274,PIT,1936,4.0,30.454545454545453
2275,PIT,1937,3.0,29.272727272727273
2276,PIT,1938,3.0,29.09090909090909
2277,PIT,1939,4.0,27.142857142857142
2278,PIT,1940,4.0,29.0
2279,PIT,1941,3.0,28.352941176470587
2280,PIT,1942,3.0,29.533333333333335
2281,PIT,1943,2.5,30.571428571428573
2282,PIT,1944,3.5,31.166666666666668
2283,PIT,1945,4.0,33.25
2284,PIT,1946,3.0,30.444444444444443
2285,PIT,1947,5.0,31.523809523809526
2286,PIT,1948,4.0,31.071428571428573
2287,PIT,1949,4.0,32.666666666666664
2288,PIT,1950,5.0,29.61111111111111
2289,PIT,1951,5.0,27.764705882352942
2290,PIT,1952,5.0,26.95
2291,PIT,1953,5.0,28.266666666666666
2292,PIT,1954,5.0,27.714285714285715
2293,PIT,1955,4.0,26.526315789473685
2294,PIT,1956,3.0,27.857142857142858
2295,PIT,1957,4.0,26.894736842105264
2296,PIT,1958,3.0,27.071428571428573
2297,PIT,1959,3.5,28.944444444444443
2298,PIT,1960,3.0,29.9375
2299,PIT,1961,3.0,29.764705882352942
2300,PIT,1962,3.0,29.333333333333332
2301,PIT,1963,3.0,29.0
2302,PIT,1964,3.0,27.529411764705884
2303,PIT,1965,3.0,28.923076923076923
2304,PIT,1966,3.0,29.357142857142858
2305,PIT,1967,3.0,28.5
2306,PIT,1968,2.0,30.642857142857142
2307,PIT,1969,3.0,28.8125
2308,PIT,1970,3.0,28.45
2309,PIT,1971,3.0,28.466666666666665
2310,PIT,1972,2.0,28.923076923076923
2311,PIT,1973,3.0,28.375
2312,PIT,1974,3.0,28.352941176470587
2313,PIT,1975,2.0,28.214285714285715
2314,PIT,1976,3.0,28.583333333333332
2315,PIT,1977,3.0,26.866666666666667
2316,PIT,1978,3.0,29.214285714285715
2317,PIT,1979,3.0,30.642857142857142
2318,PIT,1980,3.0,30.058823529411764
2319,PIT,1981,3.0,29.8125
2320,PIT,1982,4.0,29.0625
2321,PIT,1983,3.5,28.3125
2322,PIT,1984,2.0,27.294117647058822
2323,PIT,1985,3.5,28.944444444444443
2324,PIT,1986,3.0,26.5
2325,PIT,1987,4.0,26.545454545454547
2326,PIT,1988,3.0,26.5
2327,PIT,1989,4.0,28.363636363636363
2328,PIT,1990,3.0,30.130434782608695
2329,PIT,1991,3.0,28.58823529411765
2330,PIT,1992,3.0,29.095238095238095
2331,PIT,1993,4.0,27.956521739130434
2332,PIT,1994,5.0,27.88888888888889
2333,PIT,1995,4.0,27.476190476190474
2334,PIT,1996,5.0,27.8
2335,PIT,1997,4.0,26.095238095238095
2336,PIT,1998,4.0,27.235294117647058
2337,PIT,1999,4.0,27.61904761904762
2338,PIT,2000,5.0,27.916666666666668
2339,PIT,2001,5.0,29.636363636363637
2340,PIT,2002,4.0,29.0
2341,PIT,2003,5.0,28.26086956521739
2342,PIT,2004,4.0,27.90909090909091
2343,PIT,2005,4.0,27.57894736842105
2344,PIT,2006,4.0,28.136363636363637
2345,PIT,2007,5.0,28.48
2346,PIT,2008,5.0,27.076923076923077
2347,PIT,2009,5.0,27.153846153846153
2348,PIT,2010,5.0,29.107142857142858
2349,PIT,2011,3.0,28.28
2350,PIT,2012,3.0,29.96
2351,PIT,2013,3.0,28.964285714285715
2352,PIT,2014,3.0,28.434782608695652
2353,PIT,2015,2.0,29.714285714285715
2354,PIT,2016,3.5,28.96875
2355,PIT,2017,4.0,28.625
2356,PIT,2018,4.0,26.875
2357,PIT,2019,5.0,27.441176470588236
2358,PIT,2020,3.0,27.689655172413794
2359,PIT,2021,5.0,27.68421052631579
2360,PRO,1878,3.0,25.0
2361,PRO,1879,2.0,23.5
2362,PRO,1880,1.0,25.0
2363,PRO,1881,2.0,26.0
2364,PRO,1882,2.0,25.0
2365,PRO,1883,3.0,25.0
2366,PRO,1884,2.0,24.88888888888889
2367,PRO,1885,4.0,25.75
2368,PT1,1882,4.0,27.571428571428573
2369,PT1,1883,4.0,26.625
2370,PT1,1884,5.5,23.8
2371,PT1,1885,3.0,25.375
2372,PT1,1886,3.0,24.875
2373,PTF,1914,3.0,29.444444444444443
2374,PTF,1915,2.0,28.0
2375,PTP,1890,4.0,27.333333333333332
2376,RC1,1871,3.5,24.0
2377,RC2,1890,3.5,25.0
2378,RIC,1884,4.5,23.5
2379,SDN,1969,4.0,26.058823529411764
2380,SDN,1970,4.0,27.6875
2381,SDN,1971,3.0,25.9375
2382,SDN,1972,4.0,26.466666666666665
2383,SDN,1973,4.0,26.5
2384,SDN,1974,4.0,25.72222222222222
2385,SDN,1975,3.5,27.285714285714285
2386,SDN,1976,4.0,26.6875
2387,SDN,1977,4.0,26.266666666666666
2388,SDN,1978,3.5,27.9375
2389,SDN,1979,3.0,28.76923076923077
2390,SDN,1980,3.0,28.066666666666666
2391,SDN,1981,3.0,27.5
2392,SDN,1982,3.5,27.857142857142858
2393,SDN,1983,3.0,27.27777777777778
2394,SDN,1984,3.0,28.076923076923077
2395,SDN,1985,3.0,27.733333333333334
2396,SDN,1986,3.0,28.36842105263158
2397,SDN,1987,4.0,27.94736842105263
2398,SDN,1988,3.0,27.142857142857142
2399,SDN,1989,4.0,28.058823529411764
2400,SDN,1990,4.0,28.6875
2401,SDN,1991,3.0,28.869565217391305
2402,SDN,1992,3.0,29.235294117647058
2403,SDN,1993,4.0,27.565217391304348
2404,SDN,1994,3.5,27.65
2405,SDN,1995,4.0,27.35
2406,SDN,1996,3.0,27.94736842105263
2407,SDN,1997,5.0,28.428571428571427
2408,SDN,1998,4.0,29.571428571428573
2409,SDN,1999,4.0,29.1
2410,SDN,2000,4.0,28.551724137931036
2411,SDN,2001,4.0,27.96
2412,SDN,2002,5.0,27.486486486486488
2413,SDN,2003,4.0,29.37037037037037
2414,SDN,2004,5.0,29.916666666666668
2415,SDN,2005,4.0,30.608695652173914
2416,SDN,2006,3.0,31.681818181818183
2417,SDN,2007,3.0,30.19047619047619
2418,SDN,2008,4.0,29.15625
2419,SDN,2009,4.0,26.636363636363637
2420,SDN,2010,3.0,27.36842105263158
2421,SDN,2011,3.0,28.181818181818183
2422,SDN,2012,4.0,28.433333333333334
2423,SDN,2013,3.0,28.434782608695652
2424,SDN,2014,3.0,28.958333333333332
2425,SDN,2015,4.0,28.76923076923077
2426,SDN,2016,4.0,28.6875
2427,SDN,2017,4.0,27.625
2428,SDN,2018,4.0,27.366666666666667
2429,SDN,2019,5.0,26.470588235294116
2430,SDN,2020,4.0,27.958333333333332
2431,SDN,2021,4.0,29.235294117647058
2432,SE1,1969,4.0,27.92
2433,SEA,1977,4.0,27.238095238095237
2434,SEA,1978,4.0,27.266666666666666
2435,SEA,1979,5.0,26.764705882352942
2436,SEA,1980,3.0,27.23076923076923
2437,SEA,1981,4.0,26.933333333333334
2438,SEA,1982,4.0,26.6
2439,SEA,1983,4.0,27.6
2440,SEA,1984,4.0,26.933333333333334
2441,SEA,1985,5.0,27.857142857142858
2442,SEA,1986,4.0,28.352941176470587
2443,SEA,1987,4.0,26.944444444444443
2444,SEA,1988,4.0,26.823529411764707
2445,SEA,1989,4.0,27.57894736842105
2446,SEA,1990,4.0,27.545454545454547
2447,SEA,1991,3.0,28.11764705882353
2448,SEA,1992,4.0,28.956521739130434
2449,SEA,1993,4.0,27.565217391304348
2450,SEA,1994,5.5,27.55
2451,SEA,1995,5.0,27.958333333333332
2452,SEA,1996,5.0,28.68
2453,SEA,1997,5.0,29.541666666666668
2454,SEA,1998,5.0,30.6
2455,SEA,1999,5.5,27.428571428571427
2456,SEA,2000,4.0,28.75
2457,SEA,2001,3.0,30.4
2458,SEA,2002,4.0,29.94736842105263
2459,SEA,2003,3.5,29.944444444444443
2460,SEA,2004,4.0,29.52173913043478
2461,SEA,2005,4.0,30.761904761904763
2462,SEA,2006,4.0,26.84
2463,SEA,2007,5.0,27.91304347826087
2464,SEA,2008,4.5,28.454545454545453
2465,SEA,2009,4.0,28.3
2466,SEA,2010,4.0,27.954545454545453
2467,SEA,2011,3.0,27.047619047619047
2468,SEA,2012,3.0,28.0
2469,SEA,2013,4.0,27.09090909090909
2470,SEA,2014,2.5,27.8
2471,SEA,2015,4.0,28.357142857142858
2472,SEA,2016,3.0,28.8125
2473,SEA,2017,4.0,28.525
2474,SEA,2018,3.0,29.4375
2475,SEA,2019,5.0,28.38095238095238
2476,SEA,2020,4.0,27.620689655172413
2477,SEA,2021,4.0,28.736842105263158
2478,SFN,1958,4.0,27.705882352941178
2479,SFN,1959,3.5,28.5
2480,SFN,1960,3.0,28.266666666666666
2481,SFN,1961,3.0,27.833333333333332
2482,SFN,1962,3.5,27.666666666666668
2483,SFN,1963,3.5,27.625
2484,SFN,1964,3.0,28.733333333333334
2485,SFN,1965,3.0,28.8125
2486,SFN,1966,2.5,28.928571428571427
2487,SFN,1967,2.0,28.153846153846153
2488,SFN,1968,2.5,30.75
2489,SFN,1969,3.5,30.071428571428573
2490,SFN,1970,4.5,27.375
2491,SFN,1971,3.0,28.153846153846153
2492,SFN,1972,3.0,27.4
2493,SFN,1973,3.0,27.714285714285715
2494,SFN,1974,3.0,27.352941176470587
2495,SFN,1975,3.0,25.142857142857142
2496,SFN,1976,3.5,25.642857142857142
2497,SFN,1977,3.0,27.153846153846153
2498,SFN,1978,3.0,27.785714285714285
2499,SFN,1979,3.5,29.125
2500,SFN,1980,4.0,27.58823529411765
2501,SFN,1981,3.0,29.384615384615383
2502,SFN,1982,4.0,27.2
2503,SFN,1983,3.0,27.875
2504,SFN,1984,4.0,27.75
2505,SFN,1985,3.0,27.8
2506,SFN,1986,3.0,29.166666666666668
2507,SFN,1987,3.0,29.65
2508,SFN,1988,3.0,29.833333333333332
2509,SFN,1989,3.0,30.857142857142858
2510,SFN,1990,4.0,30.03846153846154
2511,SFN,1991,4.0,29.157894736842106
2512,SFN,1992,3.0,28.27777777777778
2513,SFN,1993,3.5,29.27777777777778
2514,SFN,1994,3.0,28.88235294117647
2515,SFN,1995,5.0,28.04
2516,SFN,1996,4.0,28.4
2517,SFN,1997,4.0,29.916666666666668
2518,SFN,1998,4.0,31.058823529411764
2519,SFN,1999,4.0,28.875
2520,SFN,2000,4.0,28.88235294117647
2521,SFN,2001,4.0,29.27777777777778
2522,SFN,2002,3.0,29.647058823529413
2523,SFN,2003,3.0,29.0
2524,SFN,2004,4.0,29.136363636363637
2525,SFN,2005,4.0,30.041666666666668
2526,SFN,2006,4.0,29.571428571428573
2527,SFN,2007,4.0,28.272727272727273
2528,SFN,2008,4.0,27.8
2529,SFN,2009,3.0,28.238095238095237
2530,SFN,2010,3.0,28.63157894736842
2531,SFN,2011,3.0,29.11764705882353
2532,SFN,2012,4.0,30.391304347826086
2533,SFN,2013,3.0,29.666666666666668
2534,SFN,2014,3.0,30.571428571428573
2535,SFN,2015,3.0,31.238095238095237
2536,SFN,2016,3.0,30.208333333333332
2537,SFN,2017,4.0,28.59090909090909
2538,SFN,2018,3.0,29.11111111111111
2539,SFN,2019,4.0,29.242424242424242
2540,SFN,2020,4.0,29.08695652173913
2541,SFN,2021,3.0,29.794117647058822
2542,SL1,1875,2.0,22.0
2543,SL2,1875,2.5,27.0
2544,SL3,1876,0.5,23.5
2545,SL3,1877,2.0,25.0
2546,SL4,1882,2.0,16.9
2547,SL4,1883,2.0,26.0
2548,SL4,1884,2.0,25.5
2549,SL4,1885,2.0,27.0
2550,SL4,1886,3.0,24.666666666666668
2551,SL4,1887,3.0,22.857142857142858
2552,SL4,1888,2.0,21.142857142857142
2553,SL4,1889,2.5,23.5
2554,SL4,1890,3.0,22.714285714285715
2555,SL4,1891,3.0,24.3
2556,SL5,1885,3.0,12.571428571428571
2557,SL5,1886,4.5,22.7
2558,SLA,1902,3.0,27.25
2559,SLA,1903,2.0,27.4
2560,SLA,1904,2.5,26.375
2561,SLA,1905,2.0,28.0
2562,SLA,1906,2.0,28.333333333333332
2563,SLA,1907,2.0,28.22222222222222
2564,SLA,1908,2.0,28.25
2565,SLA,1909,3.0,27.384615384615383
2566,SLA,1910,3.0,27.3
2567,SLA,1911,4.0,25.526315789473685
2568,SLA,1912,3.5,26.625
2569,SLA,1913,3.0,24.23076923076923
2570,SLA,1914,3.0,25.09090909090909
2571,SLA,1915,3.0,25.227272727272727
2572,SLA,1916,2.0,26.53846153846154
2573,SLA,1917,3.0,27.066666666666666
2574,SLA,1918,3.0,27.25
2575,SLA,1919,3.0,27.428571428571427
2576,SLA,1920,5.0,27.647058823529413
2577,SLA,1921,5.0,27.066666666666666
2578,SLA,1922,3.0,26.8
2579,SLA,1923,4.0,26.75
2580,SLA,1924,4.0,26.714285714285715
2581,SLA,1925,5.0,28.0
2582,SLA,1926,4.0,28.46153846153846
2583,SLA,1927,4.5,27.5
2584,SLA,1928,4.0,26.454545454545453
2585,SLA,1929,4.0,27.384615384615383
2586,SLA,1930,5.0,27.8
2587,SLA,1931,4.5,28.666666666666668
2588,SLA,1932,4.5,28.3
2589,SLA,1933,5.0,28.818181818181817
2590,SLA,1934,4.0,28.181818181818183
2591,SLA,1935,5.0,28.615384615384617
2592,SLA,1936,6.0,29.571428571428573
2593,SLA,1937,6.0,29.761904761904763
2594,SLA,1938,6.0,29.833333333333332
2595,SLA,1939,5.0,29.318181818181817
2596,SLA,1940,5.0,29.928571428571427
2597,SLA,1941,5.0,30.2
2598,SLA,1942,3.0,31.375
2599,SLA,1943,3.0,30.77777777777778
2600,SLA,1944,3.0,31.75
2601,SLA,1945,3.0,30.066666666666666
2602,SLA,1946,4.0,30.0
2603,SLA,1947,4.0,30.0
2604,SLA,1948,5.0,27.9375
2605,SLA,1949,5.0,28.529411764705884
2606,SLA,1950,4.5,28.55
2607,SLA,1951,5.0,28.142857142857142
2608,SLA,1952,4.0,30.31578947368421
2609,SLA,1953,4.0,31.8
2610,SLF,1914,3.0,28.22222222222222
2611,SLF,1915,3.0,29.875
2612,SLN,1892,4.5,26.9
2613,SLN,1893,4.0,24.625
2614,SLN,1894,6.0,25.75
2615,SLN,1895,6.0,25.375
2616,SLN,1896,5.0,26.142857142857142
2617,SLN,1897,6.0,26.333333333333332
2618,SLN,1898,4.5,26.333333333333332
2619,SLN,1899,3.0,26.09090909090909
2620,SLN,1900,3.5,28.125
2621,SLN,1901,3.5,26.25
2622,SLN,1902,3.0,25.363636363636363
2623,SLN,1903,3.0,25.235294117647058
2624,SLN,1904,2.5,28.625
2625,SLN,1905,3.0,28.545454545454547
2626,SLN,1906,3.0,26.3125
2627,SLN,1907,2.0,26.0
2628,SLN,1908,3.0,26.0
2629,SLN,1909,3.0,24.142857142857142
2630,SLN,1910,3.0,25.238095238095237
2631,SLN,1911,3.0,24.333333333333332
2632,SLN,1912,3.5,25.4375
2633,SLN,1913,5.0,24.41176470588235
2634,SLN,1914,2.0,25.636363636363637
2635,SLN,1915,2.0,26.9
2636,SLN,1916,3.0,26.53846153846154
2637,SLN,1917,3.0,25.692307692307693
2638,SLN,1918,2.0,27.0
2639,SLN,1919,3.0,26.066666666666666
2640,SLN,1920,3.0,26.133333333333333
2641,SLN,1921,4.0,27.846153846153847
2642,SLN,1922,4.0,28.375
2643,SLN,1923,4.0,28.307692307692307
2644,SLN,1924,4.0,27.529411764705884
2645,SLN,1925,4.0,26.46153846153846
2646,SLN,1926,3.5,28.5
2647,SLN,1927,4.0,29.428571428571427
2648,SLN,1928,3.0,30.818181818181817
2649,SLN,1929,5.0,32.06666666666667
2650,SLN,1930,4.0,31.4
2651,SLN,1931,3.0,31.22222222222222
2652,SLN,1932,4.0,28.8
2653,SLN,1933,3.0,31.916666666666668
2654,SLN,1934,4.0,31.428571428571427
2655,SLN,1935,3.0,28.647058823529413
2656,SLN,1936,4.5,29.833333333333332
2657,SLN,1937,4.0,29.11764705882353
2658,SLN,1938,4.0,28.125
2659,SLN,1939,3.0,27.6
2660,SLN,1940,3.0,28.9375
2661,SLN,1941,2.5,27.6875
2662,SLN,1942,2.0,28.384615384615383
2663,SLN,1943,2.0,27.545454545454547
2664,SLN,1944,2.0,29.083333333333332
2665,SLN,1945,3.0,29.066666666666666
2666,SLN,1946,3.0,30.066666666666666
2667,SLN,1947,3.0,29.5
2668,SLN,1948,4.0,29.857142857142858
2669,SLN,1949,3.0,29.571428571428573
2670,SLN,1950,3.0,30.6
2671,SLN,1951,3.5,28.72222222222222
2672,SLN,1952,4.0,28.25
2673,SLN,1953,4.5,28.5625
2674,SLN,1954,5.0,29.61111111111111
2675,SLN,1955,4.0,28.45
2676,SLN,1956,4.0,30.0
2677,SLN,1957,3.0,28.789473684210527
2678,SLN,1958,4.0,28.8
2679,SLN,1959,4.0,27.545454545454547
2680,SLN,1960,3.0,26.4375
2681,SLN,1961,3.0,27.0
2682,SLN,1962,3.0,28.4
2683,SLN,1963,3.0,31.066666666666666
2684,SLN,1964,3.0,29.166666666666668
2685,SLN,1965,3.0,28.266666666666666
2686,SLN,1966,3.0,27.555555555555557
2687,SLN,1967,2.0,27.53846153846154
2688,SLN,1968,2.0,27.384615384615383
2689,SLN,1969,3.0,27.35
2690,SLN,1970,3.5,26.545454545454547
2691,SLN,1971,3.0,27.391304347826086
2692,SLN,1972,3.0,27.545454545454547
2693,SLN,1973,3.0,28.94736842105263
2694,SLN,1974,3.0,29.3125
2695,SLN,1975,3.0,27.157894736842106
2696,SLN,1976,3.0,25.875
2697,SLN,1977,4.0,26.466666666666665
2698,SLN,1978,3.0,25.8125
2699,SLN,1979,3.0,26.4375
2700,SLN,1980,3.0,27.714285714285715
2701,SLN,1981,3.0,27.8125
2702,SLN,1982,3.0,28.571428571428573
2703,SLN,1983,3.0,28.166666666666668
2704,SLN,1984,3.0,27.41176470588235
2705,SLN,1985,2.0,29.5625
2706,SLN,1986,3.0,28.58823529411765
2707,SLN,1987,3.0,27.88888888888889
2708,SLN,1988,3.0,28.526315789473685
2709,SLN,1989,3.0,29.266666666666666
2710,SLN,1990,4.0,29.5
2711,SLN,1991,3.5,29.055555555555557
2712,SLN,1992,3.0,30.6
2713,SLN,1993,4.0,28.72222222222222
2714,SLN,1994,5.0,28.77777777777778
2715,SLN,1995,3.0,29.476190476190474
2716,SLN,1996,3.0,30.61111111111111
2717,SLN,1997,4.0,30.64
2718,SLN,1998,4.0,28.956521739130434
2719,SLN,1999,4.0,28.636363636363637
2720,SLN,2000,4.0,30.291666666666668
2721,SLN,2001,4.0,30.19047619047619
2722,SLN,2002,3.0,30.53846153846154
2723,SLN,2003,4.5,30.958333333333332
2724,SLN,2004,3.0,29.9
2725,SLN,2005,3.0,29.85
2726,SLN,2006,4.0,28.789473684210527
2727,SLN,2007,4.0,30.2
2728,SLN,2008,4.0,29.5
2729,SLN,2009,4.0,29.2
2730,SLN,2010,3.0,30.09090909090909
2731,SLN,2011,3.0,30.5
2732,SLN,2012,3.5,28.458333333333332
2733,SLN,2013,3.0,27.12
2734,SLN,2014,4.0,27.416666666666668
2735,SLN,2015,2.0,28.73913043478261
2736,SLN,2016,4.0,28.095238095238095
2737,SLN,2017,3.0,28.12
2738,SLN,2018,3.0,28.166666666666668
2739,SLN,2019,4.0,27.956521739130434
2740,SLN,2020,3.0,26.884615384615383
2741,SLN,2021,4.0,30.0
2742,SLU,1884,2.0,23.818181818181817
2743,SPU,1884,2.0,23.0
2744,SR1,1879,2.0,25.0
2745,SR2,1890,6.0,24.2
2746,TBA,1998,4.0,27.772727272727273
2747,TBA,1999,5.0,29.458333333333332
2748,TBA,2000,4.0,30.041666666666668
2749,TBA,2001,4.0,27.041666666666668
2750,TBA,2002,5.0,26.636363636363637
2751,TBA,2003,4.5,26.708333333333332
2752,TBA,2004,4.0,27.583333333333332
2753,TBA,2005,5.0,28.047619047619047
2754,TBA,2006,5.0,27.76
2755,TBA,2007,6.0,28.083333333333332
2756,TBA,2008,4.0,28.714285714285715
2757,TBA,2009,4.0,31.0
2758,TBA,2010,3.0,28.88235294117647
2759,TBA,2011,3.0,27.666666666666668
2760,TBA,2012,3.0,28.61111111111111
2761,TBA,2013,3.0,28.904761904761905
2762,TBA,2014,3.0,28.869565217391305
2763,TBA,2015,3.0,27.814814814814813
2764,TBA,2016,4.0,28.16
2765,TBA,2017,4.0,28.233333333333334
2766,TBA,2018,4.0,27.70967741935484
2767,TBA,2019,3.0,27.454545454545453
2768,TBA,2020,3.0,28.44
2769,TBA,2021,3.0,29.341463414634145
2770,TEX,1972,3.0,26.375
2771,TEX,1973,4.0,25.75
2772,TEX,1974,4.0,27.333333333333332
2773,TEX,1975,3.0,28.705882352941178
2774,TEX,1976,3.0,28.625
2775,TEX,1977,3.5,28.88888888888889
2776,TEX,1978,3.0,28.46153846153846
2777,TEX,1979,4.0,28.4375
2778,TEX,1980,4.0,29.15
2779,TEX,1981,3.0,28.8
2780,TEX,1982,4.0,28.066666666666666
2781,TEX,1983,3.0,27.875
2782,TEX,1984,3.5,29.214285714285715
2783,TEX,1985,4.5,28.25
2784,TEX,1986,4.0,26.75
2785,TEX,1987,4.0,26.789473684210527
2786,TEX,1988,4.0,27.80952380952381
2787,TEX,1989,3.5,28.22222222222222
2788,TEX,1990,4.0,28.055555555555557
2789,TEX,1991,4.0,28.08695652173913
2790,TEX,1992,5.0,29.0
2791,TEX,1993,4.0,29.761904761904763
2792,TEX,1994,5.0,29.0
2793,TEX,1995,4.0,29.636363636363637
2794,TEX,1996,4.0,30.41176470588235
2795,TEX,1997,4.0,29.95
2796,TEX,1998,4.0,30.428571428571427
2797,TEX,1999,4.5,29.3
2798,TEX,2000,5.0,28.94736842105263
2799,TEX,2001,6.0,28.64
2800,TEX,2002,5.0,29.333333333333332
2801,TEX,2003,6.0,28.703703703703702
2802,TEX,2004,4.5,29.033333333333335
2803,TEX,2005,5.0,29.733333333333334
2804,TEX,2006,4.0,28.53846153846154
2805,TEX,2007,4.0,28.0
2806,TEX,2008,5.0,27.866666666666667
2807,TEX,2009,4.0,28.130434782608695
2808,TEX,2010,3.5,27.954545454545453
2809,TEX,2011,4.0,29.84
2810,TEX,2012,3.0,29.0
2811,TEX,2013,3.0,28.56
2812,TEX,2014,4.0,28.15
2813,TEX,2015,4.0,27.70967741935484
2814,TEX,2016,5.0,28.258064516129032
2815,TEX,2017,5.0,29.258064516129032
2816,TEX,2018,4.0,29.3125
2817,TEX,2019,5.0,28.0
2818,TEX,2020,5.0,29.16
2819,TEX,2021,4.0,28.34375
2820,TL1,1884,3.0,15.0
2821,TL2,1890,3.0,27.11111111111111
2822,TOR,1977,5.0,27.333333333333332
2823,TOR,1978,4.0,27.785714285714285
2824,TOR,1979,4.0,27.68421052631579
2825,TOR,1980,4.0,27.625
2826,TOR,1981,3.0,27.642857142857142
2827,TOR,1982,3.0,26.615384615384617
2828,TOR,1983,4.0,27.071428571428573
2829,TOR,1984,4.0,28.153846153846153
2830,TOR,1985,3.0,28.866666666666667
2831,TOR,1986,4.0,27.72222222222222
2832,TOR,1987,4.0,29.466666666666665
2833,TOR,1988,3.5,29.0
2834,TOR,1989,3.0,27.57894736842105
2835,TOR,1990,4.0,29.63157894736842
2836,TOR,1991,3.0,28.1
2837,TOR,1992,4.0,28.58823529411765
2838,TOR,1993,4.0,29.5
2839,TOR,1994,5.0,29.41176470588235
2840,TOR,1995,5.0,29.0
2841,TOR,1996,4.5,28.35
2842,TOR,1997,3.5,28.15
2843,TOR,1998,4.0,29.5
2844,TOR,1999,4.5,28.181818181818183
2845,TOR,2000,5.0,28.363636363636363
2846,TOR,2001,3.5,28.65
2847,TOR,2002,4.0,27.875
2848,TOR,2003,4.0,29.863636363636363
2849,TOR,2004,4.0,28.4
2850,TOR,2005,3.5,28.38888888888889
2851,TOR,2006,4.0,28.0
2852,TOR,2007,4.0,27.782608695652176
2853,TOR,2008,3.0,29.157894736842106
2854,TOR,2009,4.0,28.291666666666668
2855,TOR,2010,4.0,28.416666666666668
2856,TOR,2011,4.0,28.733333333333334
2857,TOR,2012,5.0,28.764705882352942
2858,TOR,2013,4.0,30.322580645161292
2859,TOR,2014,4.0,28.59259259259259
2860,TOR,2015,3.0,29.035714285714285
2861,TOR,2016,4.0,30.103448275862068
2862,TOR,2017,5.0,29.333333333333332
2863,TOR,2018,4.0,28.944444444444443
2864,TOR,2019,4.0,28.58974358974359
2865,TOR,2020,4.0,28.724137931034484
2866,TOR,2021,4.0,28.973684210526315
2867,TRN,1879,2.5,22.5
2868,TRN,1880,5.0,22.4
2869,TRN,1881,2.5,23.0
2870,TRN,1882,3.5,23.75
2871,TRO,1871,2.5,21.5
2872,TRO,1872,3.0,27.5
2873,WAS,1892,3.0,25.545454545454547
2874,WAS,1893,6.0,27.625
2875,WAS,1894,6.0,24.923076923076923
2876,WAS,1895,6.0,22.46153846153846
2877,WAS,1896,4.0,25.083333333333332
2878,WAS,1897,4.0,24.0
2879,WAS,1898,4.0,25.666666666666668
2880,WAS,1899,6.0,26.2
2881,WAS,2005,3.0,28.96
2882,WAS,2006,5.0,28.862068965517242
2883,WAS,2007,4.0,27.807692307692307
2884,WAS,2008,5.0,27.36
2885,WAS,2009,5.0,27.933333333333334
2886,WAS,2010,3.5,27.884615384615383
2887,WAS,2011,3.0,27.375
2888,WAS,2012,3.0,28.263157894736842
2889,WAS,2013,3.0,27.952380952380953
2890,WAS,2014,2.5,28.88888888888889
2891,WAS,2015,3.0,28.615384615384617
2892,WAS,2016,3.0,29.0
2893,WAS,2017,4.0,30.208333333333332
2894,WAS,2018,4.0,29.70967741935484
2895,WAS,2019,5.0,30.870967741935484
2896,WAS,2020,4.5,30.666666666666668
2897,WAS,2021,5.0,30.12121212121212
2898,WIL,1884,3.0,24.285714285714285
2899,WOR,1880,3.0,25.5
2900,WOR,1881,3.0,25.5
2901,WOR,1882,3.0,24.142857142857142
2902,WS1,1901,4.0,26.6
2903,WS1,1902,4.0,26.833333333333332
2904,WS1,1903,3.5,27.333333333333332
2905,WS1,1904,3.0,27.0
2906,WS1,1905,3.0,27.11111111111111
2907,WS1,1906,4.0,28.23076923076923
2908,WS1,1907,3.0,27.8
2909,WS1,1908,2.0,28.454545454545453
2910,WS1,1909,3.0,27.941176470588236
2911,WS1,1910,2.0,26.636363636363637
2912,WS1,1911,4.0,25.2
2913,WS1,1912,3.0,26.736842105263158
2914,WS1,1913,3.0,25.782608695652176
2915,WS1,1914,2.0,25.357142857142858
2916,WS1,1915,2.0,24.153846153846153
2917,WS1,1916,3.0,23.923076923076923
2918,WS1,1917,3.0,24.555555555555557
2919,WS1,1918,2.0,26.857142857142858
2920,WS1,1919,3.0,26.77777777777778
2921,WS1,1920,4.0,25.125
2922,WS1,1921,3.5,27.857142857142858
2923,WS1,1922,4.0,27.285714285714285
2924,WS1,1923,4.0,25.764705882352942
2925,WS1,1924,2.5,30.666666666666668
2926,WS1,1925,3.0,29.866666666666667
2927,WS1,1926,5.0,28.647058823529413
2928,WS1,1927,3.5,27.75
2929,WS1,1928,3.0,28.181818181818183
2930,WS1,1929,4.0,27.214285714285715
2931,WS1,1930,3.5,28.083333333333332
2932,WS1,1931,4.0,28.363636363636363
2933,WS1,1932,4.0,27.153846153846153
2934,WS1,1933,3.0,29.071428571428573
2935,WS1,1934,5.0,29.0
2936,WS1,1935,6.0,28.833333333333332
2937,WS1,1936,4.0,28.933333333333334
2938,WS1,1937,4.0,27.6875
2939,WS1,1938,5.0,28.75
2940,WS1,1939,4.5,26.375
2941,WS1,1940,5.0,27.133333333333333
2942,WS1,1941,4.5,27.642857142857142
2943,WS1,1942,5.0,27.1875
2944,WS1,1943,3.0,29.764705882352942
2945,WS1,1944,3.5,29.428571428571427
2946,WS1,1945,2.5,30.714285714285715
2947,WS1,1946,4.0,31.11764705882353
2948,WS1,1947,4.0,29.333333333333332
2949,WS1,1948,5.0,28.2
2950,WS1,1949,5.0,29.11111111111111
2951,WS1,1950,4.0,29.0
2952,WS1,1951,4.0,31.0
2953,WS1,1952,3.0,30.944444444444443
2954,WS1,1953,3.0,30.333333333333332
2955,WS1,1954,3.0,28.363636363636363
2956,WS1,1955,4.0,27.0625
2957,WS1,1956,5.0,25.857142857142858
2958,WS1,1957,4.0,26.842105263157894
2959,WS1,1958,4.0,27.647058823529413
2960,WS1,1959,4.0,27.375
2961,WS1,1960,4.0,27.833333333333332
2962,WS2,1961,4.0,28.526315789473685
2963,WS2,1962,4.0,27.125
2964,WS2,1963,4.5,27.9
2965,WS2,1964,4.0,28.210526315789473
2966,WS2,1965,4.0,27.833333333333332
2967,WS2,1966,3.0,26.85
2968,WS2,1967,3.0,26.75
2969,WS2,1968,3.5,26.833333333333332
2970,WS2,1969,3.5,28.0625
2971,WS2,1970,3.0,28.470588235294116
2972,WS2,1971,3.0,27.0
2973,WS3,1871,3.0,24.0
2974,WS3,1872,6.0,31.0
2975,WS4,1872,6.0,19.0
2976,WS5,1873,4.5,21.0
2977,WS6,1875,4.0,23.25
2978,WS7,1884,4.0,24.5
2979,WS8,1886,5.0,24.333333333333332
2980,WS8,1887,5.0,25.666666666666668
2981,WS8,1888,3.0,27.2
2982,WS8,1889,4.5,24.8
2983,WS9,1891,5.0,24.25
2984,WSU,1884,3.0,26.142857142857142
